id_contenitore_rif;data_verifica;ispettore;campione_pezzi;scartati;cod_difetto;motivo;orario_collaudo
BANC_0003;01-09-2026;MAT-0001;160;6;DIF-02;anima piena;01/09/2026 01:16:25
banc_0005;01/09/2026;MAT-0001;160;6;DIF-01;anima rotta;01-09-2026 02:33:08
BANC_0004;2026/09/01;MAT-0001;160;5;DIF-03;anima fuori tolleranza;01-09-2026 03:49:46
  BANC_0001 ;01/09/2026;MAT-0001;160;6;  DIF-03 ;anima fuori tolleranza;2026/09/01 05:06:25
BANC_0008;01-09-2026;MAT-0001;160;5;Dif-03;anima fuori tolleranza;01/09/2026 06:22:58
BANC_0009;01/09/2026;MAT-0001;160;4;DIF-03;anima fuori tolleranza;01/09/2026 07:39:38
banc_0010;01/09/2026;  MAT-0001 ;44;1;DIF-01;anima rotta;2026/09/01 08:00:00
banc_0006;01/09/2026;MAT-0002;192;6;DIF-02;anima piena;01-09-2026 01:25:20
banc_0002;01/09/2026;MAT-0002;192;6;DIF-02;anima piena;01-09-2026 02:50:56
BANC_0013;01/09/2026;MAT-0002;192;7;DIF-03;anima fuori tolleranza;01-09-2026 04:16:30
Banc_0012;01/09/2026;MAT-0002;192;5;DIF-03;anima fuori tolleranza;01/09/2026 05:42
  BANC_0015 ;01/09/2026;MAT-0002;192;7;DIF-02;anima piena;01/09/2026 07:07:46
  BANC_0007 ;01/09/2026;MAT-0002;118;3;  DIF-01 ;anima rotta;01/09/2026 08:00:00
BANC_0016;01/09/2026;MAT-0003;256;9;DIF-02;anima piena;01-09-2026 05:00:34
BANC_0019;01/09/2026;MAT-0003;153;6;DIF-02;anima piena;01/09/2026 08:00:00
BANC_0011;01/09/2026;MAT-0004;160;6;DIF-03;anima fuori tolleranza;01/09/2026 03:26:32
banc_0014;01/09/2026;MAT-0004;160;4;Dif-03;anima fuori tolleranza;01/09/2026 06:53:15
banc_0017;01-09-2026;MAT-0004;52;1;DIF-03;anima fuori tolleranza;01/09/2026 08:00:00
  BANC_0020 ;01/09/2026;MAT-0005;320;12;DIF-01;anima rotta;01-09-2026 05:38:22
CASS_0001;01-09-2026;MAT-0005;134;4;Dif-03;anima fuori tolleranza;01/09/2026 08:00:00
BANC_0018;01/09/2026;MAT-0006;160;4;Dif-01;anima rotta;01/09/2026 09:16
Banc_0006;01/09/2026;MAT-0006;160;6;Dif-01;  anima rotta ;2026/09/01 10:33:06
banc_0005;01/09/2026;MAT-0006;160;5;DIF-01;anima rotta;01/09/2026 11:49:36
BANC_0003;2026/09/01;MAT-0006;160;5;DIF-02;anima piena;01/09/2026 13:06:19
BANC_0002;01/09/2026;MAT-0006;160;5;DIF-01;anima rotta;01/09/2026 14:23:02
BANC_0001;01/09/2026;MAT-0006;160;5;DIF-02;anima piena;01/09/2026 15:39:44
BANC_0004;01/09/2026;MAT-0006;42;1;DIF-02;anima piena;01/09/2026 16:00:00
CASS_0002;01-09-2026;MAT-0007;350;14;DIF-03;anima fuori tolleranza;01-09-2026 10:35:50
  CASS_0003 ;2026/09/01;MAT-0007;350;11;DIF-02;anima piena;01/09/2026 13:11
BANC_0014;01/09/2026;MAT-0007;192;8;DIF-03;anima fuori tolleranza;01/09/2026 14:37:29
BANC_0008;01/09/2026;MAT-0007;186;7;DIF-03;anima fuori tolleranza;01/09/2026 16:00:00
cass_0005;01/09/2026;mat-0008;400;16;DIF-01;Anima rotta;01/09/2026 15:49
  BANC_0009 ;2026/09/01;MAT-0008;9;0;;;01/09/2026 16:00:00
CASS_0009;01/09/2026;mat-0009;250;9;DIF-01;anima rotta;01-09-2026 13:22:37
BANC_0016;2026/09/01;MAT-0009;122;5;DIF-02;anima piena;01-09-2026 16:00:00
CASS_0006;01/09/2026;MAT-0010;450;15;DIF-01;anima rotta;01/09/2026 15:55:47
BANC_0007;01/09/2026;MAT-0010;4;0;;;01/09/2026 16:00
BANC_0013;2026/09/01;mat-0011;160;5;DIF-03;anima fuori tolleranza;01-09-2026 17:16:20
BANC_0006;01-09-2026;MAT-0011;160;4;  DIF-03 ;  anima fuori tolleranza ;2026/09/01 18:33:01
BANC_0011;2026/09/01;MAT-0011;160;6;DIF-03;anima fuori tolleranza;01/09/2026 19:49
BANC_0015;01/09/2026;MAT-0011;160;6;DIF-01;anima rotta;01/09/2026 21:06:26
BANC_0003;01/09/2026;MAT-0011;12;1;DIF-01;anima rotta;01/09/2026 21:12
BANC_0005;2026/09/02;MAT-0011;95;3;DIF-02;anima piena;02/09/2026 00:00
  BANC_0019 ;01-09-2026;MAT-0012;192;8;DIF-01;  anima rotta ;01/09/2026 17:25:27
BANC_0017;01/09/2026;mat-0012;192;6;DIF-03;anima fuori tolleranza;01/09/2026 19:20:06
BANC_0010;2026/09/01;MAT-0012;192;6;dif-01;  anima rotta ;01/09/2026 20:45:39
BANC_0018;2026/09/01;mat-0012;192;6;  DIF-01 ;anima rotta;01/09/2026 22:11:14
  BANC_0008 ;01/09/2026;MAT-0012;192;7;dif-03;anima fuori tolleranza;2026/09/01 23:36:53
BANC_0002;01/09/2026;MAT-0012;30;1;DIF-03;anima fuori tolleranza;01/09/2026 23:50:30
CASS_0007;2026/09/01;MAT-0013;400;12;dif-03;anima fuori tolleranza;01-09-2026 23:49:39
BANC_0009;02/09/2026;MAT-0013;9;0;   ;;2026/09/02 00:00:00
CASS_0008;01/09/2026;mat-0014;250;8;DIF-02;anima piena;01/09/2026 21:22
banc_0020;02/09/2026;MAT-0014;122;3;DIF-01;anima rotta;02/09/2026 00:00:00
CASS_0001;01/09/2026;MAT-0015;450;13;DIF-02;Anima piena;01/09/2026 23:55:56
banc_0012;02/09/2026;Mat-0015;4;0; ;   ;02-09-2026 00:00:00
BANC_0014;02-09-2026;MAT-0001;160;4;DIF-03;anima fuori tolleranza;02/09/2026 03:26:27
  BANC_0004 ;02/09/2026;MAT-0001;160;5;DIF-03;anima fuori tolleranza;02/09/2026 06:52:58
BANC_0003;02/09/2026;MAT-0001;52;2;DIF-01;anima rotta;02/09/2026 08:00
BANC_0013;02/09/2026;MAT-0002;256;9;DIF-01;anima rotta;2026/09/02 05:00:35
BANC_0010;02/09/2026;MAT-0002;153;4;dif-03;Anima fuori tolleranza;02/09/2026 08:00:00
BANC_0001;2026/09/02;MAT-0003;256;7;  DIF-01 ;anima rotta;02/09/2026 05:00:31
  BANC_0007 ;02/09/2026;  MAT-0003 ;153;5;DIF-02;  anima piena ;02/09/2026 08:00:00
CASS_0003;02/09/2026;MAT-0004;250;8;DIF-02;Anima piena;02/09/2026 05:22:29
  BANC_0011 ;02/09/2026;  MAT-0004 ;122;3;DIF-02;anima piena;02/09/2026 08:00:00
BANC_0019;02/09/2026;MAT-0005;320;11;DIF-03;anima fuori tolleranza;02-09-2026 06:32:30
BANC_0006;02/09/2026;mat-0005;83;2;DIF-02;  anima piena ;2026/09/02 08:00:00
BANC_0005;02/09/2026;MAT-0006;160;5;DIF-03;anima fuori tolleranza;2026/09/02 11:26:24
banc_0001;02/09/2026;MAT-0006;160;6;dif-01;anima rotta;02/09/2026 14:53:14
BANC_0007;02-09-2026;MAT-0006;52;2;DIF-02;anima piena;02/09/2026 16:00
Banc_0002;02-09-2026;MAT-0007;256;7;dif-02;anima piena;02/09/2026 13:00:25
BANC_0009;02/09/2026;MAT-0007;153;6;DIF-02;anima piena;02/09/2026 16:00:00
Banc_0016;02/09/2026;MAT-0008;256;10;DIF-03;  anima fuori tolleranza ;02/09/2026 13:00
BANC_0008;02-09-2026;mat-0008;153;6;DIF-03;anima fuori tolleranza;02/09/2026 16:00:00
BANC_0018;02/09/2026;MAT-0009;160;4;DIF-02;anima piena;02-09-2026 11:26:25
BANC_0015;2026/09/02;MAT-0009;160;4;DIF-01;anima rotta;02/09/2026 14:53:03
  BANC_0011 ;02/09/2026;mat-0009;52;2;DIF-01;anima rotta;02/09/2026 16:00:00
BANC_0020;2026/09/02;MAT-0010;320;10;DIF-03;anima fuori tolleranza;02/09/2026 13:38
BANC_0013;02/09/2026;MAT-0010;134;5;DIF-02;Anima piena;2026/09/02 16:00:00
  BANC_0010 ;2026/09/02;MAT-0011;160;5;DIF-03;  anima fuori tolleranza ;02/09/2026 19:26:18
BANC_0005;2026/09/02;MAT-0011;160;5;DIF-01;anima rotta;02-09-2026 22:52:57
BANC_0004;03/09/2026;MAT-0011;52;1;DIF-03;anima fuori tolleranza;03/09/2026 00:00:00
BANC_0006;02/09/2026;  MAT-0012 ;256;8;DIF-02;  anima piena ;02/09/2026 21:00:37
BANC_0002;03/09/2026;MAT-0012;153;4;DIF-02;anima piena;03/09/2026 00:00:00
BANC_0019;02/09/2026;MAT-0013;256;10;  DIF-03 ;anima fuori tolleranza;02/09/2026 21:00:27
BANC_0001;03/09/2026;MAT-0013;153;4;DIF-03;anima fuori tolleranza;03/09/2026 00:00:00
  BANC_0003 ;2026/09/02;MAT-0014;160;5;DIF-01;anima rotta;02/09/2026 19:26:35
BANC_0018;2026/09/02;MAT-0014;160;5;dif-02;anima piena;02/09/2026 22:53:14
BANC_0007;2026/09/03;MAT-0014;52;2;dif-02;anima piena;03/09/2026 00:00:00
CASS_0002;02/09/2026;MAT-0015;450;13;DIF-01;anima rotta;02-09-2026 23:56:03
BANC_0009;2026/09/03;mat-0015;4;0;;;03-09-2026 00:00:00
BANC_0012;2026/09/03;MAT-0001;160;6;DIF-03;anima fuori tolleranza;2026/09/03 03:26:23
BANC_0003;03-09-2026;MAT-0001;160;4;  DIF-02 ;anima piena;2026/09/03 06:52:59
BANC_0001;03/09/2026;MAT-0001;52;2;DIF-02;anima piena;2026/09/03 08:00:00
BANC_0014;03/09/2026;MAT-0002;256;8;dif-01;anima rotta;03-09-2026 05:00:37
BANC_0010;03-09-2026;MAT-0002;153;4;DIF-03;anima fuori tolleranza;03/09/2026 08:00
BANC_0011;03/09/2026;MAT-0003;256;10;dif-02;anima piena;03/09/2026 05:00:27
  BANC_0015 ;03/09/2026;MAT-0003;153;4;DIF-02;anima piena;2026/09/03 08:00:00
BANC_0017;2026/09/03;MAT-0004;160;5;DIF-02;anima piena;03-09-2026 04:09:34
BANC_0016;03/09/2026;MAT-0004;160;5;DIF-02;  anima piena ;03/09/2026 07:36
Banc_0007;2026/09/03;MAT-0004;19;1;DIF-03;anima fuori tolleranza;2026/09/03 08:00:00
BANC_0008;03/09/2026;MAT-0005;197;6;DIF-01;anima rotta;03/09/2026 03:28:32
BANC_0020;2026/09/03;MAT-0005;160;6;DIF-01;anima rotta;03/09/2026 05:29:05
BANC_0005;03/09/2026;Mat-0005;160;6;DIF-02;anima piena;03-09-2026 06:45:37
BANC_0002;2026/09/03;MAT-0005;156;5;DIF-01;anima rotta;03/09/2026 08:00:00
BANC_0018;03/09/2026;MAT-0006;160;6;DIF-01;anima rotta;03/09/2026 11:26:26
  BANC_0009 ;2026/09/03;MAT-0006;160;5;DIF-02;anima piena;03/09/2026 14:53
BANC_0004;2026/09/03;MAT-0006;52;2;DIF-02;anima piena;03/09/2026 16:00:00
BANC_0006;03/09/2026;MAT-0007;256;10;  DIF-03 ;anima fuori tolleranza;03/09/2026 13:00
banc_0003;03/09/2026;MAT-0007;153;6;  DIF-03 ;anima fuori tolleranza;03/09/2026 16:00:00
CASS_0003;2026/09/03;MAT-0008;132;4;DIF-01;  anima rotta ;03/09/2026 10:35:03
BANC_0014;03/09/2026;MAT-0008;192;5;DIF-02;  anima piena ;03-09-2026 12:44:23
BANC_0017;2026/09/03;  MAT-0008 ;192;5;DIF-01;anima rotta;03/09/2026 14:10:00
BANC_0001;03/09/2026;MAT-0008;192;7;DIF-01;anima rotta;03/09/2026 15:35:35
Banc_0005;2026/09/03;MAT-0008;56;2;DIF-02;anima piena;03/09/2026 16:00:00
CASS_0001;03/09/2026;MAT-0009;250;7;DIF-02;anima piena;03/09/2026 13:22
BANC_0011;03/09/2026;MAT-0009;122;4;DIF-01;anima rotta;03/09/2026 16:00:00
CASS_0002;03/09/2026;MAT-0010;300;11;DIF-02;  anima piena ;03/09/2026 10:23:33
BANC_0008;03/09/2026;MAT-0010;160;4;DIF-03;anima fuori tolleranza;2026/09/03 11:40:13
CASS_0004;03/09/2026;  MAT-0010 ;300;9;DIF-01;anima rotta;03/09/2026 14:03:56
BANC_0013;03/09/2026;MAT-0010;160;5;DIF-02;  anima piena ;03-09-2026 15:20:33
BANC_0015;03/09/2026;MAT-0010;82;3;DIF-03;anima fuori tolleranza;03/09/2026 16:00:00
BANC_0002;03/09/2026;mat-0011;160;6;DIF-02;anima piena;03/09/2026 19:26:34
BANC_0010;2026/09/03;MAT-0011;160;6;DIF-01;anima rotta;2026/09/03 22:53:20
BANC_0001;04-09-2026;MAT-0011;52;1;DIF-02;  anima piena ;04/09/2026 00:00
BANC_0016;03/09/2026;MAT-0012;256;9;DIF-02;anima piena;2026/09/03 21:00:28
BANC_0006;04/09/2026;MAT-0012;153;4;  DIF-03 ;anima fuori tolleranza;04/09/2026 00:00
Banc_0020;03/09/2026;MAT-0013;192;5;DIF-02;anima piena;03/09/2026 17:25:23
Banc_0012;2026/09/03;  MAT-0013 ;192;7;  DIF-03 ;  anima fuori tolleranza ;03-09-2026 18:51:02
BANC_0007;03-09-2026;  MAT-0013 ;192;5;DIF-02;Anima piena;03/09/2026 20:16:35
BANC_0018;03/09/2026;MAT-0013;192;5;DIF-01;  anima rotta ;03-09-2026 21:42:14
BANC_0008;2026/09/03;MAT-0013;192;7;DIF-02;anima piena;03/09/2026 23:07:47
BANC_0004;2026/09/04;MAT-0013;118;4;DIF-03;anima fuori tolleranza;04/09/2026 00:00:00
CASS_0006;2026/09/03;mat-0014;14;1;DIF-02;anima piena;03/09/2026 16:18:07
BANC_0019;03/09/2026;MAT-0014;256;9;DIF-03;anima fuori tolleranza;03/09/2026 21:48:38
BANC_0013;2026/09/04;MAT-0014;112;3;DIF-02;anima piena;04/09/2026 00:00:00
cass_0008;2026/09/03;MAT-0015;300;11;Dif-03;anima fuori tolleranza;03/09/2026 18:23:33
CASS_0005;03/09/2026;  MAT-0015 ;300;11;  DIF-03 ;anima fuori tolleranza;2026/09/03 20:47:17
CASS_0001;03/09/2026;MAT-0015;300;12;DIF-01;anima rotta;03/09/2026 23:11:00
BANC_0005;04/09/2026;MAT-0015;102;3;Dif-01;anima rotta;04-09-2026 00:00:00
BANC_0003;04/09/2026;Mat-0001;160;5;Dif-01;anima rotta;04/09/2026 03:26:21
BANC_0007;04/09/2026;MAT-0001;160;4;DIF-02;anima piena;04/09/2026 06:53:02
BANC_0002;04-09-2026;  MAT-0001 ;52;2;dif-01;anima rotta;04/09/2026 08:00:00
Banc_0017;2026/09/04;MAT-0002;256;9;DIF-03;anima fuori tolleranza;2026/09/04 05:49:33
BANC_0010;04-09-2026;mat-0002;111;3;dif-02;anima piena;04/09/2026 08:00:00
  BANC_0011 ;2026/09/04;MAT-0003;192;6;  DIF-01 ;anima rotta;04-09-2026 01:25:31
BANC_0020;04/09/2026;  MAT-0003 ;192;5;DIF-02;anima piena;04/09/2026 02:51:09
  BANC_0012 ;04/09/2026;MAT-0003;192;5;DIF-03;anima fuori tolleranza;04/09/2026 04:16
  BANC_0018 ;2026/09/04;MAT-0003;192;5;DIF-03;anima fuori tolleranza;04/09/2026 05:42:18
Banc_0016;04/09/2026;  MAT-0003 ;192;6;DIF-01;  anima rotta ;04/09/2026 07:07:52
Banc_0001;04/09/2026;MAT-0003;76;3;dif-03;anima fuori tolleranza;04/09/2026 07:41:58
CASS_0002;04/09/2026;mat-0004;400;15;DIF-02;anima piena;04/09/2026 07:49:46
Banc_0004;04/09/2026;MAT-0004;9;0;;;04/09/2026 08:00
BANC_0014;04/09/2026;MAT-0005;160;6;DIF-02;anima piena;04/09/2026 01:16:28
BANC_0015;04/09/2026;mat-0005;160;5;DIF-01;  anima rotta ;04/09/2026 02:33:11
CASS_0006;04/09/2026;  MAT-0005 ;300;10;DIF-03;anima fuori tolleranza;04/09/2026 04:56:54
BANC_0019;04/09/2026;MAT-0005;40;1;DIF-01;anima rotta;04/09/2026 05:16:17
CASS_0004;04-09-2026;MAT-0005;294;11;DIF-03;anima fuori tolleranza;04-09-2026 08:00:00
BANC_0008;04/09/2026;MAT-0006;160;5;DIF-03;anima fuori tolleranza;2026/09/04 11:26:15
  BANC_0006 ;2026/09/04;MAT-0006;160;6;DIF-03;anima fuori tolleranza;04/09/2026 14:52
BANC_0002;2026/09/04;  MAT-0006 ;52;2;DIF-02;anima piena;04/09/2026 16:00
BANC_0014;04/09/2026;MAT-0007;66;2;DIF-01;anima rotta;2026/09/04 09:17:36
BANC_0013;04-09-2026;MAT-0007;160;5;DIF-03;Anima fuori tolleranza;2026/09/04 13:24:00
BANC_0007;04/09/2026;MAT-0007;121;5;dif-02;anima piena;04/09/2026 16:00
Cass_0001;04-09-2026;  MAT-0008 ;300;12;  DIF-02 ;  anima piena ;2026/09/04 10:23:30
BANC_0012;04/09/2026;MAT-0008;160;4;  DIF-01 ;Anima rotta;04/09/2026 11:40:05
BANC_0003;04-09-2026;MAT-0008;160;6;DIF-01;Anima rotta;04/09/2026 12:56
banc_0015;2026/09/04;MAT-0008;160;6;DIF-02;  anima piena ;04/09/2026 14:13
banc_0004;04/09/2026;MAT-0008;160;5;DIF-03;anima fuori tolleranza;04/09/2026 15:30:02
BANC_0001;04/09/2026;MAT-0008;64;2;dif-03;  anima fuori tolleranza ;04/09/2026 16:00:00
BANC_0011;04/09/2026;MAT-0009;256;10;DIF-01;anima rotta;04/09/2026 13:00:22
BANC_0019;04-09-2026;  MAT-0009 ;153;5;DIF-03;anima fuori tolleranza;04/09/2026 16:00:00
BANC_0009;2026/09/04;MAT-0010;192;7;DIF-03;anima fuori tolleranza;04/09/2026 09:25:26
BANC_0020;04/09/2026;Mat-0010;192;6;DIF-03;anima fuori tolleranza;04/09/2026 10:50
CASS_0007;04/09/2026;MAT-0010;350;13;DIF-01;  anima rotta ;04-09-2026 13:27:03
BANC_0016;2026/09/04;  MAT-0010 ;192;7;DIF-03;anima fuori tolleranza;04/09/2026 14:52:47
  BANC_0005 ;04/09/2026;MAT-0010;152;5;Dif-01;  anima rotta ;04-09-2026 16:00:00
BANC_0010;04/09/2026;Mat-0011;107;3;DIF-02;anima piena;2026/09/04 18:18:06
BANC_0014;04/09/2026;MAT-0011;160;5;DIF-02;anima piena;04/09/2026 20:09
BANC_0009;04-09-2026;Mat-0011;160;6;DIF-01;anima rotta;04/09/2026 21:26:07
BANC_0008;04/09/2026;  MAT-0011 ;160;4;DIF-01;Anima rotta;04/09/2026 22:42:44
BANC_0002;04/09/2026;MAT-0011;160;4;Dif-02;anima piena;04/09/2026 23:59:27
  BANC_0005 ;05-09-2026;mat-0011;2;0;;;05/09/2026 00:00:00
BANC_0017;2026/09/04;MAT-0012;160;6;DIF-02;anima piena;04/09/2026 19:26:21
BANC_0018;04/09/2026;  MAT-0012 ;160;5;DIF-03;anima fuori tolleranza;04/09/2026 22:52:58
BANC_0006;05-09-2026;  MAT-0012 ;52;1;DIF-02;anima piena;2026/09/05 00:00:00
CASS_0006;04/09/2026;MAT-0013;300;10;DIF-03;anima fuori tolleranza;04/09/2026 18:23:31
CASS_0003;04/09/2026;Mat-0013;300;8;Dif-02;anima piena;04-09-2026 20:47:21
BANC_0003;04-09-2026;MAT-0013;160;6;  DIF-02 ;anima piena;04/09/2026 22:04
BANC_0011;2026/09/04;MAT-0013;160;6;DIF-03;  anima fuori tolleranza ;04/09/2026 23:20:39
BANC_0001;05/09/2026;MAT-0013;82;3;DIF-02;anima piena;05/09/2026 00:00:00
CASS_0008;2026/09/04;mat-0014;400;10;Dif-03;anima fuori tolleranza;04/09/2026 23:49:38
BANC_0007;05-09-2026;MAT-0014;9;0;;;05/09/2026 00:00:00
CASS_0010;04-09-2026;MAT-0015;350;10;Dif-02;anima piena;04/09/2026 18:35:56
CASS_0002;04/09/2026;MAT-0015;350;13;DIF-03;Anima fuori tolleranza;04/09/2026 21:11:53
BANC_0012;04/09/2026;MAT-0015;192;7;Dif-03;Anima fuori tolleranza;04/09/2026 22:37:26
BANC_0016;04/09/2026;  MAT-0015 ;170;5;DIF-01;anima rotta;2026/09/04 23:53:27
BANC_0005;07/09/2026;  MAT-0001 ;160;5;DIF-02;  anima piena ;07/09/2026 01:16:24
BANC_0001;07/09/2026;mat-0001;160;4;DIF-02;anima piena;07/09/2026 02:33:03
Banc_0004;07/09/2026;MAT-0001;160;6;DIF-03;anima fuori tolleranza;07-09-2026 03:49:42
  BANC_0006 ;07-09-2026;MAT-0001;160;6;DIF-02;  anima piena ;07/09/2026 05:06:22
  BANC_0002 ;2026/09/07;MAT-0001;160;5;DIF-02;anima piena;07/09/2026 06:23
BANC_0008;07-09-2026;  MAT-0001 ;160;4;DIF-02;anima piena;07/09/2026 07:39
BANC_0009;2026/09/07;MAT-0001;42;1;DIF-02;anima piena;07/09/2026 08:00:00
BANC_0012;07/09/2026;MAT-0002;160;6;DIF-02;anima piena;07/09/2026 03:26
BANC_0007;07/09/2026;MAT-0002;160;5;DIF-03;anima fuori tolleranza;07/09/2026 06:53
BANC_0011;07/09/2026;MAT-0002;52;2;Dif-03;anima fuori tolleranza;07/09/2026 08:00
BANC_0014;07/09/2026;Mat-0003;160;6;DIF-02;anima piena;07/09/2026 01:16
BANC_0016;07/09/2026;MAT-0003;160;5;DIF-02;  anima piena ;07/09/2026 02:33:01
BANC_0003;07/09/2026;  MAT-0003 ;160;4;dif-01;anima rotta;07/09/2026 03:49
BANC_0010;07/09/2026;mat-0003;160;6;DIF-03;anima fuori tolleranza;07-09-2026 05:06:25
banc_0015;07/09/2026;Mat-0003;160;5;DIF-03;anima fuori tolleranza;07/09/2026 06:23:04
BANC_0019;07/09/2026;mat-0003;130;3;DIF-03;anima fuori tolleranza;07/09/2026 07:25:35
BANC_0018;07-09-2026;MAT-0004;256;7;DIF-03;  anima fuori tolleranza ;2026/09/07 05:00:27
CASS_0002;2026/09/07;MAT-0004;153;5;DIF-01;anima rotta;07/09/2026 08:00:00
CASS_0003;07/09/2026;MAT-0005;400;12;DIF-02;anima piena;2026/09/07 07:49:39
BANC_0013;07-09-2026;MAT-0005;9;0;;;07/09/2026 08:00:00
BANC_0020;2026/09/07;MAT-0006;160;6;DIF-02;anima piena;2026/09/07 09:16:29
BANC_0005;07/09/2026;MAT-0006;160;5;DIF-03;anima fuori tolleranza;07/09/2026 10:33:11
BANC_0004;07/09/2026;MAT-0006;160;5;DIF-02;anima piena;07/09/2026 11:49
BANC_0001;07-09-2026;MAT-0006;160;6;  DIF-02 ;anima piena;2026/09/07 13:06:31
BANC_0006;07/09/2026;MAT-0006;160;5;Dif-03;anima fuori tolleranza;07/09/2026 14:23
BANC_0007;07/09/2026;MAT-0006;160;4;DIF-03;anima fuori tolleranza;2026/09/07 15:39:42
banc_0010;07/09/2026;MAT-0006;42;1;DIF-02;anima piena;07/09/2026 16:00:00
CASS_0005;2026/09/07;MAT-0007;250;8;DIF-02;anima piena;07/09/2026 13:22:35
  BANC_0012 ;07/09/2026;mat-0007;122;3;DIF-01;anima rotta;07/09/2026 16:00:00
CASS_0004;07/09/2026;Mat-0008;400;12;  DIF-02 ;  anima piena ;07-09-2026 15:49:47
BANC_0008;07/09/2026;MAT-0008;9;0; ;;07/09/2026 16:00
CASS_0007;2026/09/07;MAT-0009;94;4;  DIF-03 ;anima fuori tolleranza;2026/09/07 09:50:30
BANC_0016;07/09/2026;mat-0009;160;5;DIF-01;anima rotta;07/09/2026 11:50:02
BANC_0014;07/09/2026;mat-0009;160;6;DIF-03;anima fuori tolleranza;07/09/2026 13:06:39
BANC_0002;07/09/2026;mat-0009;160;5;dif-01;  anima rotta ;07/09/2026 14:23:19
banc_0015;07-09-2026;mat-0009;160;6;DIF-01;anima rotta;07/09/2026 15:39:58
BANC_0013;07-09-2026;MAT-0009;42;1;  DIF-03 ;anima fuori tolleranza;07/09/2026 16:00:00
Cass_0001;07/09/2026;MAT-0010;400;12;DIF-03;anima fuori tolleranza;07/09/2026 15:49:56
BANC_0003;07/09/2026;MAT-0010;9;0;;;07/09/2026 16:00:00
BANC_0018;07-09-2026;  MAT-0011 ;160;4;DIF-01;Anima rotta;07/09/2026 17:16:23
BANC_0019;2026/09/07;MAT-0011;160;5;DIF-02;anima piena;07/09/2026 18:33:04
BANC_0011;07/09/2026;MAT-0011;160;4;DIF-02;anima piena;07-09-2026 19:49:42
BANC_0005;2026/09/07;MAT-0011;160;6;DIF-02;anima piena;07-09-2026 21:06:29
banc_0004;07/09/2026;MAT-0011;160;6;DIF-02;anima piena;07/09/2026 22:23:05
Banc_0002;07/09/2026;MAT-0011;110;4;DIF-02;  anima piena ;07/09/2026 23:16:02
Banc_0003;08/09/2026;MAT-0011;6;0;nessuno;   ;08-09-2026 00:00:00
CASS_0003;07/09/2026;mat-0012;250;9;DIF-02;anima piena;07/09/2026 21:22:38
BANC_0014;08/09/2026;MAT-0012;122;3;DIF-03;anima fuori tolleranza;08-09-2026 00:00:00
CASS_0006;07/09/2026;MAT-0013;400;16;DIF-03;anima fuori tolleranza;07/09/2026 23:49:47
BANC_0008;08-09-2026;mat-0013;9;0; ;;08-09-2026 00:00:00
BANC_0009;07/09/2026;mat-0014;160;4;DIF-02;anima piena;07-09-2026 17:16:21
BANC_0017;07/09/2026;MAT-0014;160;6;DIF-02;anima piena;07/09/2026 18:33
CASS_0008;07/09/2026;MAT-0014;300;9;DIF-01;anima rotta;07/09/2026 20:56
BANC_0001;2026/09/07;MAT-0014;160;5;DIF-03;anima fuori tolleranza;07/09/2026 22:13:39
BANC_0010;2026/09/07;MAT-0014;160;4;Dif-02;anima piena;07/09/2026 23:30:23
Banc_0009;08/09/2026;MAT-0014;62;2;DIF-02;anima piena;08/09/2026 00:00:00
CASS_0009;07/09/2026;  MAT-0015 ;400;11;DIF-02;anima piena;07/09/2026 23:49:46
Banc_0007;08-09-2026;MAT-0015;9;0;;;2026/09/08 00:00:00
BANC_0012;08/09/2026;MAT-0001;192;6;DIF-02;  anima piena ;2026/09/08 01:25:16
BANC_0015;08/09/2026;MAT-0001;192;7;dif-01;anima rotta;08/09/2026 02:50:51
  BANC_0011 ;08/09/2026;MAT-0001;192;7;DIF-03;anima fuori tolleranza;2026/09/08 04:16:32
BANC_0001;08-09-2026;MAT-0001;192;7;Dif-01;anima rotta;08/09/2026 05:42
BANC_0006;2026/09/08;MAT-0001;192;6;DIF-03;anima fuori tolleranza;08/09/2026 07:07:34
BANC_0003;08/09/2026;MAT-0001;118;4;DIF-01;anima rotta;08/09/2026 08:00:00
BANC_0018;08/09/2026;MAT-0002;160;4;  DIF-01 ;anima rotta;08/09/2026 03:26:24
banc_0016;2026/09/08;mat-0002;160;4;dif-01;anima rotta;2026/09/08 06:53:07
BANC_0007;08/09/2026;MAT-0002;52;2;dif-03;  anima fuori tolleranza ;08-09-2026 08:00:00
CASS_0002;08/09/2026;MAT-0003;378;11;  DIF-03 ;anima fuori tolleranza;08/09/2026 08:00:00
CASS_0004;2026/09/08;MAT-0004;300;10;Dif-01;anima rotta;08/09/2026 02:23
BANC_0017;08/09/2026;mat-0004;160;4;dif-02;  anima piena ;08-09-2026 03:40:04
BANC_0020;08/09/2026;MAT-0004;160;4;  DIF-01 ;anima rotta;08/09/2026 04:56
BANC_0013;08/09/2026;MAT-0004;160;6;DIF-02;anima piena;08-09-2026 06:13:26
BANC_0008;08/09/2026;MAT-0004;160;6;DIF-01;anima rotta;08/09/2026 07:30
BANC_0010;2026/09/08;MAT-0004;62;2;DIF-01;anima rotta;08/09/2026 08:00:00
CASS_0011;2026/09/08;MAT-0005;400;15;DIF-01;anima rotta;2026/09/08 07:49:40
BANC_0009;08/09/2026;MAT-0005;9;0;;;08-09-2026 08:00:00
BANC_0014;08/09/2026;MAT-0006;192;5;DIF-01;anima rotta;08/09/2026 09:25:13
banc_0012;08-09-2026;mat-0006;192;5;DIF-01;anima rotta;08/09/2026 10:50:52
BANC_0005;08/09/2026;mat-0006;192;6;DIF-03;anima fuori tolleranza;08/09/2026 12:16:24
BANC_0013;2026/09/08;MAT-0006;192;6;DIF-01;anima rotta;08/09/2026 13:41:57
BANC_0008;08/09/2026;MAT-0006;192;6;DIF-03;anima fuori tolleranza;08/09/2026 15:07
BANC_0001;08/09/2026;mat-0006;118;4;DIF-02;anima piena;08/09/2026 16:00:00
BANC_0002;2026/09/08;mat-0007;160;5;dif-03;  anima fuori tolleranza ;08/09/2026 11:26
BANC_0018;08/09/2026;MAT-0007;73;2;DIF-01;  anima rotta ;08/09/2026 13:00:48
  BANC_0011 ;08/09/2026;MAT-0007;123;5;DIF-02;anima piena;08/09/2026 16:00:00
BANC_0004;2026/09/08;MAT-0008;256;10;DIF-02;  anima piena ;08/09/2026 13:00:31
BANC_0016;08/09/2026;MAT-0008;153;5;DIF-03;Anima fuori tolleranza;08/09/2026 16:00:00
CASS_0001;2026/09/08;MAT-0009;244;7;DIF-03;anima fuori tolleranza;08/09/2026 09:57:04
BANC_0017;08/09/2026;MAT-0009;160;5;DIF-01;anima rotta;08/09/2026 14:02
banc_0010;08/09/2026;Mat-0009;91;3;DIF-01;anima rotta;08/09/2026 16:00:00
CASS_0003;08-09-2026;MAT-0010;400;15;DIF-02;anima piena;08/09/2026 15:49:51
BANC_0006;08/09/2026;MAT-0010;9;0; ;;08/09/2026 16:00:00
BANC_0014;2026/09/08;MAT-0011;192;5;DIF-03;anima fuori tolleranza;08/09/2026 17:25:22
BANC_0015;08/09/2026;MAT-0011;192;7;DIF-01;anima rotta;2026/09/08 18:50:55
BANC_0005;2026/09/08;MAT-0011;192;5;DIF-03;anima fuori tolleranza;08/09/2026 20:16:23
BANC_0002;08/09/2026;Mat-0011;192;5;  DIF-01 ;anima rotta;2026/09/08 21:41:51
BANC_0008;2026/09/08;MAT-0011;192;8;DIF-02;Anima piena;08/09/2026 23:07:29
Banc_0006;09-09-2026;MAT-0011;118;3;DIF-02;anima piena;09/09/2026 00:00:00
BANC_0003;08/09/2026;mat-0012;256;7;DIF-01;anima rotta;08/09/2026 21:00:41
BANC_0009;09/09/2026;MAT-0012;153;6;Dif-02;anima piena;2026/09/09 00:00:00
BANC_0019;08-09-2026;MAT-0013;256;8;DIF-01;anima rotta;08/09/2026 21:00:41
  BANC_0004 ;09-09-2026;MAT-0013;153;4;DIF-03;anima fuori tolleranza;2026/09/09 00:00:00
CASS_0002;08/09/2026;MAT-0014;250;9;DIF-03;  anima fuori tolleranza ;2026/09/08 21:22:45
BANC_0012;09/09/2026;MAT-0014;122;4;DIF-03;anima fuori tolleranza;09/09/2026 00:00
CASS_0005;2026/09/08;MAT-0015;400;14;DIF-03;anima fuori tolleranza;08/09/2026 23:49:46
  BANC_0013 ;09/09/2026;MAT-0015;9;0;  N/D ;;09/09/2026 00:00:00
BANC_0014;09/09/2026;  MAT-0001 ;68;3;dif-02;anima piena;09/09/2026 00:30
BANC_0011;2026/09/09;MAT-0001;160;5;DIF-01;anima rotta;09/09/2026 02:28:48
BANC_0015;09/09/2026;MAT-0001;160;6;DIF-03;  anima fuori tolleranza ;2026/09/09 03:45:26
BANC_0005;09-09-2026;MAT-0001;160;5;DIF-02;Anima piena;09/09/2026 05:02:04
BANC_0003;09-09-2026;MAT-0001;160;5;DIF-03;anima fuori tolleranza;09/09/2026 06:18:49
BANC_0007;2026/09/09;mat-0001;160;4;DIF-03;anima fuori tolleranza;09-09-2026 07:35:28
BANC_0001;09/09/2026;MAT-0001;52;2;DIF-03;anima fuori tolleranza;09/09/2026 08:00:00
BANC_0020;09/09/2026;MAT-0002;256;7;DIF-03;anima fuori tolleranza;09/09/2026 05:00:40
BANC_0017;2026/09/09;MAT-0002;153;5;dif-01;anima rotta;09-09-2026 08:00:00
banc_0018;09-09-2026;MAT-0003;256;9;DIF-02;anima piena;09/09/2026 05:00:41
  BANC_0010 ;09/09/2026;  MAT-0003 ;153;6;DIF-03;anima fuori tolleranza;09/09/2026 08:00:00
CASS_0004;09/09/2026;MAT-0004;250;10;DIF-03;anima fuori tolleranza;2026/09/09 05:22:39
  BANC_0016 ;09/09/2026;MAT-0004;122;5;DIF-01;anima rotta;09/09/2026 08:00:00
CASS_0003;09/09/2026;mat-0005;400;16;DIF-01;anima rotta;09/09/2026 07:49:46
BANC_0004;09/09/2026;  MAT-0005 ;9;0;;;09-09-2026 08:00:00
  BANC_0002 ;2026/09/09;mat-0006;160;6;DIF-01;anima rotta;09/09/2026 09:16:22
banc_0008;09/09/2026;MAT-0006;160;6;DIF-03;anima fuori tolleranza;09/09/2026 10:33:05
BANC_0011;09/09/2026;MAT-0006;160;6;DIF-02;Anima piena;09-09-2026 11:49:44
BANC_0012;09/09/2026;MAT-0006;160;6;DIF-02;  anima piena ;2026/09/09 13:06:23
banc_0013;09/09/2026;MAT-0006;160;4;dif-02;  anima piena ;09-09-2026 14:23:05
banc_0001;09/09/2026;MAT-0006;160;5;  DIF-02 ;anima piena;09-09-2026 15:39:50
BANC_0004;2026/09/09;  MAT-0006 ;42;1;DIF-03;anima fuori tolleranza;09/09/2026 16:00:00
BANC_0019;09-09-2026;MAT-0007;256;7;DIF-02;Anima piena;2026/09/09 13:00:29
  BANC_0014 ;09/09/2026;MAT-0007;153;5;DIF-02;anima piena;09/09/2026 16:00:00
  CASS_0002 ;09-09-2026;MAT-0008;400;12;DIF-03;anima fuori tolleranza;09/09/2026 15:49:58
Banc_0005;09/09/2026;MAT-0008;9;0;N/D;;09/09/2026 16:00:00
Banc_0006;09/09/2026;mat-0009;160;5;Dif-03;anima fuori tolleranza;09/09/2026 11:26:28
Banc_0020;09/09/2026;mat-0009;160;6;  DIF-01 ;  anima rotta ;09/09/2026 14:53:11
BANC_0015;09-09-2026;MAT-0009;52;2;DIF-01;anima rotta;09/09/2026 16:00:00
CASS_0007;09-09-2026;Mat-0010;264;10;DIF-02;anima piena;09/09/2026 13:10:17
BANC_0003;09/09/2026;MAT-0010;118;3;DIF-03;  anima fuori tolleranza ;09/09/2026 16:00
BANC_0002;09/09/2026;mat-0011;160;6;DIF-01;Anima rotta;2026/09/09 17:16:31
BANC_0008;09/09/2026;MAT-0011;160;5;  DIF-02 ;anima piena;09/09/2026 18:33
BANC_0006;09-09-2026;MAT-0011;160;6;DIF-02;  anima piena ;2026/09/09 19:49:45
BANC_0009;2026/09/09;mat-0011;160;6;  DIF-01 ;anima rotta;09/09/2026 21:06
banc_0010;09/09/2026;MAT-0011;160;6;DIF-03;anima fuori tolleranza;09/09/2026 22:22
banc_0007;09/09/2026;MAT-0011;160;4;DIF-02;anima piena;09/09/2026 23:39:36
BANC_0004;10/09/2026;  MAT-0011 ;44;2;DIF-02;anima piena;10/09/2026 00:00:00
CASS_0001;09-09-2026;mat-0012;400;11;dif-01;anima rotta;09/09/2026 23:49
  BANC_0002 ;10-09-2026;  MAT-0012 ;9;0;N/d;;10/09/2026 00:00:00
CASS_0003;09/09/2026;MAT-0013;400;15;dif-01;anima rotta;2026/09/09 23:49:33
BANC_0003;2026/09/10;MAT-0013;9;0;N/D;   ;10/09/2026 00:00:00
cass_0005;09-09-2026;MAT-0014;250;9;DIF-01;anima rotta;09/09/2026 21:22:39
  BANC_0011 ;10/09/2026;MAT-0014;122;3;dif-03;anima fuori tolleranza;10/09/2026 00:00:00
CASS_0004;09/09/2026;MAT-0015;450;15;DIF-03;anima fuori tolleranza;09/09/2026 23:55:55
BANC_0012;2026/09/10;  MAT-0015 ;4;0;;;10/09/2026 00:00:00
BANC_0015;10-09-2026;MAT-0001;160;5;dif-03;anima fuori tolleranza;2026/09/10 01:16:24
banc_0013;10-09-2026;MAT-0001;80;3;dif-01;anima rotta;10/09/2026 01:55:00
  BANC_0008 ;10/09/2026;MAT-0001;160;6;DIF-01;Anima rotta;10/09/2026 06:03
Banc_0002;10/09/2026;  MAT-0001 ;91;3;DIF-03;anima fuori tolleranza;10/09/2026 08:00:00
BANC_0017;10/09/2026;MAT-0002;256;6;DIF-03;anima fuori tolleranza;10/09/2026 05:00:28
BANC_0001;2026/09/10;MAT-0002;153;6;DIF-01;anima rotta;10-09-2026 08:00:00
  BANC_0016 ;10/09/2026;mat-0003;13;1;DIF-02;anima piena;10/09/2026 00:15:18
BANC_0018;10-09-2026;MAT-0003;160;6;DIF-03;anima fuori tolleranza;10/09/2026 02:08:44
banc_0020;10/09/2026;MAT-0003;160;5;DIF-01;anima rotta;10/09/2026 03:25:21
Banc_0009;2026/09/10;MAT-0003;160;5;DIF-02;anima piena;10/09/2026 04:42:06
BANC_0019;2026/09/10;mat-0003;160;6;DIF-02;anima piena;10/09/2026 05:58:49
BANC_0010;10-09-2026;MAT-0003;160;6;DIF-02;anima piena;10/09/2026 07:15:35
banc_0006;10/09/2026;MAT-0003;94;3;DIF-02;anima piena;10/09/2026 08:00:00
CASS_0007;10-09-2026;mat-0004;250;7;DIF-03;anima fuori tolleranza;10/09/2026 05:22:44
BANC_0005;10/09/2026;MAT-0004;122;5;Dif-02;anima piena;10/09/2026 08:00
CASS_0006;10/09/2026;  MAT-0005 ;450;13;DIF-02;anima piena;10/09/2026 07:55
BANC_0011;10-09-2026;Mat-0005;4;0;;;2026/09/10 08:00:00
BANC_0012;10-09-2026;mat-0006;160;5;DIF-01;anima rotta;10-09-2026 11:26:31
banc_0004;2026/09/10;MAT-0006;160;6;DIF-01;anima rotta;10/09/2026 14:53:03
BANC_0005;10/09/2026;mat-0006;52;2;Dif-03;  anima fuori tolleranza ;10/09/2026 16:00:00
BANC_0003;10/09/2026;MAT-0007;256;9;DIF-01;anima rotta;10/09/2026 13:00:21
banc_0013;10/09/2026;  MAT-0007 ;153;5;DIF-01;anima rotta;10/09/2026 16:00:00
banc_0007;10/09/2026;MAT-0008;160;6;DIF-01;anima rotta;10/09/2026 09:16:27
BANC_0015;10-09-2026;MAT-0008;160;5;DIF-01;  anima rotta ;10/09/2026 10:33
banc_0018;10/09/2026;MAT-0008;160;5;DIF-02;anima piena;2026/09/10 11:49:41
BANC_0009;2026/09/10;  MAT-0008 ;160;5;DIF-02;anima piena;10/09/2026 13:06:19
  BANC_0017 ;10-09-2026;MAT-0008;160;4;dif-02;anima piena;10/09/2026 14:22:59
  BANC_0008 ;10-09-2026;MAT-0008;160;5;DIF-01;anima rotta;10-09-2026 15:39:35
BANC_0001;10/09/2026;MAT-0008;44;1;DIF-01;anima rotta;10-09-2026 16:00:00
CASS_0003;10/09/2026;MAT-0009;250;10;dif-03;anima fuori tolleranza;10/09/2026 13:22:42
BANC_0020;10/09/2026;MAT-0009;122;4;DIF-02;anima piena;10/09/2026 16:00:00
BANC_0014;10-09-2026;MAT-0010;320;12;DIF-02;anima piena;10/09/2026 13:38:25
BANC_0016;10/09/2026;MAT-0010;134;5;Dif-03;  anima fuori tolleranza ;10/09/2026 16:00:00
BANC_0007;10/09/2026;MAT-0011;160;5;DIF-01;anima rotta;10/09/2026 19:26
banc_0010;10/09/2026;  MAT-0011 ;160;5;DIF-01;anima rotta;10-09-2026 22:53:10
banc_0001;11/09/2026;MAT-0011;52;2;DIF-03;anima fuori tolleranza;2026/09/11 00:00:00
Banc_0006;10/09/2026;MAT-0012;256;7;DIF-03;anima fuori tolleranza;10/09/2026 21:00:35
BANC_0004;11-09-2026;MAT-0012;153;4;Dif-03;anima fuori tolleranza;11/09/2026 00:00:00
CASS_0002;10-09-2026;MAT-0013;300;10;DIF-03;anima fuori tolleranza;10/09/2026 18:23:24
banc_0015;10/09/2026;MAT-0013;160;5;dif-03;anima fuori tolleranza;10-09-2026 19:40:00
BANC_0003;10-09-2026;MAT-0013;160;5;DIF-03;anima fuori tolleranza;10/09/2026 20:56:38
BANC_0012;10/09/2026;MAT-0013;160;6;Dif-02;anima piena;10/09/2026 22:13:19
BANC_0008;2026/09/10;MAT-0013;160;6;DIF-01;anima rotta;10/09/2026 23:30
  BANC_0002 ;11/09/2026;MAT-0013;64;2;dif-02;anima piena;11/09/2026 00:00:00
  BANC_0019 ;10/09/2026;mat-0014;160;6;DIF-02;anima piena;10-09-2026 19:26:09
  CASS_0003 ;2026/09/11;Mat-0014;212;6;DIF-02;anima piena;11/09/2026 00:00
cass_0006;2026/09/10;MAT-0015;450;13;DIF-02;anima piena;10/09/2026 23:55
BANC_0009;11/09/2026;MAT-0015;4;0;    ;;11/09/2026 00:00:00
BANC_0005;2026/09/11;MAT-0001;160;6;  DIF-01 ;  anima rotta ;11/09/2026 03:26:23
BANC_0003;11/09/2026;MAT-0001;160;5;DIF-02;Anima piena;11/09/2026 06:53:05
BANC_0002;11-09-2026;MAT-0001;52;2;DIF-01;anima rotta;11/09/2026 08:00:00
BANC_0017;11/09/2026;MAT-0002;243;9;DIF-03;anima fuori tolleranza;11/09/2026 04:45:38
BANC_0006;11/09/2026;MAT-0002;160;6;DIF-02;anima piena;11/09/2026 06:36:58
BANC_0009;11/09/2026;MAT-0002;160;6;DIF-03;  anima fuori tolleranza ;11/09/2026 07:53:43
BANC_0001;11-09-2026;MAT-0002;14;1;DIF-03;anima fuori tolleranza;2026/09/11 08:00:00
BANC_0018;11/09/2026;MAT-0003;160;6;Dif-03;  anima fuori tolleranza ;11/09/2026 01:16
BANC_0011;11/09/2026;MAT-0003;160;5;DIF-03;anima fuori tolleranza;11/09/2026 02:33:03
BANC_0013;11/09/2026;MAT-0003;160;4;dif-01;anima rotta;11-09-2026 03:49:36
BANC_0015;11/09/2026;MAT-0003;74;2;DIF-03;anima fuori tolleranza;2026/09/11 04:25:17
BANC_0010;11-09-2026;MAT-0003;192;6;DIF-02;  anima piena ;11/09/2026 06:29:37
BANC_0007;11-09-2026;mat-0003;192;5;DIF-03;anima fuori tolleranza;11/09/2026 07:55:17
BANC_0016;2026/09/11;MAT-0003;12;1;dif-03;  anima fuori tolleranza ;11/09/2026 08:00:00
CASS_0001;2026/09/11;MAT-0004;250;8;DIF-01;anima rotta;11/09/2026 05:22:40
BANC_0014;11/09/2026;MAT-0004;122;3;DIF-01;anima rotta;2026/09/11 08:00:00
CASS_0008;11-09-2026;MAT-0005;450;15;DIF-03;anima fuori tolleranza;11/09/2026 07:55:54
BANC_0004;11/09/2026;MAT-0005;4;0;   ;;2026/09/11 08:00:00
BANC_0008;11/09/2026;MAT-0006;160;4;DIF-01;anima rotta;11/09/2026 11:26:20
BANC_0012;11/09/2026;  MAT-0006 ;160;5;DIF-01;  anima rotta ;11/09/2026 14:53:00
  BANC_0005 ;11/09/2026;Mat-0006;52;2;DIF-01;anima rotta;11/09/2026 16:00:00
BANC_0020;11/09/2026;MAT-0007;160;4;DIF-03;anima fuori tolleranza;11-09-2026 09:16:21
CASS_0003;11/09/2026;MAT-0007;300;10;DIF-03;Anima fuori tolleranza;11/09/2026 11:39:51
BANC_0011;11-09-2026;MAT-0007;160;6;DIF-03;  anima fuori tolleranza ;2026/09/11 12:56:27
BANC_0003;11/09/2026;MAT-0007;160;6;DIF-03;anima fuori tolleranza;11/09/2026 14:13:13
Banc_0007;11-09-2026;MAT-0007;160;5;DIF-03;anima fuori tolleranza;11/09/2026 15:29:51
BANC_0006;2026/09/11;MAT-0007;64;2;DIF-03;anima fuori tolleranza;11/09/2026 16:00:00
  BANC_0019 ;2026/09/11;MAT-0008;192;6;DIF-02;anima piena;11/09/2026 09:25:20
banc_0018;11/09/2026;Mat-0008;192;6;Dif-03;anima fuori tolleranza;11/09/2026 10:50:56
CASS_0004;11/09/2026;MAT-0008;350;13;dif-01;anima rotta;11/09/2026 13:26:57
BANC_0013;2026/09/11;Mat-0008;192;6;DIF-02;anima piena;11/09/2026 14:52
Banc_0010;11/09/2026;  MAT-0008 ;152;5;Dif-02;anima piena;11/09/2026 16:00:00
CASS_0002;11-09-2026;MAT-0009;250;10;  DIF-01 ;anima rotta;11/09/2026 13:22
BANC_0017;11-09-2026;MAT-0009;122;3;DIF-02;anima piena;11/09/2026 16:00:00
CASS_0009;11/09/2026;MAT-0010;450;14;DIF-01;anima rotta;11-09-2026 15:56:01
banc_0002;11/09/2026;MAT-0010;4;0;;;2026/09/11 16:00:00
BANC_0014;2026/09/11;Mat-0011;160;4;  DIF-01 ;anima rotta;11/09/2026 19:26:21
banc_0009;11/09/2026;MAT-0011;160;6;DIF-02;anima piena;11/09/2026 22:53
BANC_0001;12/09/2026;MAT-0011;52;2;DIF-02;anima piena;12/09/2026 00:00:00
BANC_0019;11/09/2026;MAT-0012;160;6;DIF-03;anima fuori tolleranza;11/09/2026 17:16
BANC_0016;2026/09/11;MAT-0012;160;4;DIF-03;  anima fuori tolleranza ;2026/09/11 19:02:00
Banc_0008;11/09/2026;MAT-0012;160;6;DIF-02;Anima piena;11/09/2026 20:18
BANC_0018;11/09/2026;MAT-0012;160;6;dif-01;anima rotta;11/09/2026 21:35
BANC_0004;11/09/2026;MAT-0012;160;4;DIF-02;anima piena;11-09-2026 22:52:04
BANC_0002;12/09/2026;MAT-0012;142;5;  DIF-02 ;anima piena;12/09/2026 00:00:00
BANC_0015;11/09/2026;  MAT-0013 ;192;5;DIF-01;  anima rotta ;11/09/2026 17:25:22
CASS_0007;11/09/2026;MAT-0013;350;11;DIF-01;anima rotta;11/09/2026 20:01:16
  CASS_0003 ;11/09/2026;MAT-0013;350;12;DIF-02;Anima piena;11/09/2026 22:37:18
BANC_0007;12-09-2026;mat-0013;186;7;Dif-01;anima rotta;12/09/2026 00:00:00
CASS_0008;11-09-2026;mat-0014;107;3;dif-01;anima rotta;11/09/2026 18:18:22
cass_0005;12/09/2026;mat-0014;266;7;DIF-01;  anima rotta ;12/09/2026 00:00:00
CASS_0001;11/09/2026;mat-0015;376;10;DIF-02;anima piena;11/09/2026 23:18:52
  BANC_0006 ;12/09/2026;MAT-0015;7;0;   ;;12/09/2026 00:00:00
banc_0004;14/09/2026;MAT-0001;160;5;dif-02;anima piena;14/09/2026 03:26:20
BANC_0001;14/09/2026;MAT-0001;133;5;DIF-01;anima rotta;14/09/2026 06:18:16
banc_0007;2026/09/14;MAT-0001;61;2;DIF-02;Anima piena;14/09/2026 08:00
BANC_0005;14/09/2026;MAT-0002;160;4;  DIF-01 ;anima rotta;14/09/2026 01:16:24
BANC_0003;14-09-2026;mat-0002;160;5;DIF-02;anima piena;14/09/2026 02:33
  BANC_0006 ;14/09/2026;MAT-0002;160;6;Dif-02;  anima piena ;2026/09/14 03:49:48
BANC_0011;14/09/2026;mat-0002;160;6;DIF-01;anima rotta;14/09/2026 05:06
BANC_0002;14/09/2026;MAT-0002;12;1;DIF-02;anima piena;14/09/2026 05:12:26
  BANC_0009 ;2026/09/14;mat-0002;109;3;DIF-01;anima rotta;14/09/2026 08:00
BANC_0014;14-09-2026;MAT-0003;192;5;DIF-02;anima piena;2026/09/14 01:25:10
Banc_0013;14/09/2026;MAT-0003;192;7;DIF-02;anima piena;14/09/2026 02:50:49
banc_0008;14/09/2026;MAT-0003;192;5;dif-03;anima fuori tolleranza;14/09/2026 04:16:14
BANC_0012;14/09/2026;MAT-0003;192;5;dif-03;anima fuori tolleranza;14/09/2026 05:41:56
BANC_0015;14/09/2026;MAT-0003;118;3;dif-03;anima fuori tolleranza;2026/09/14 06:34:46
  BANC_0017 ;2026/09/14;  MAT-0003 ;48;1;DIF-01;anima rotta;14/09/2026 08:00:00
Banc_0018;14/09/2026;MAT-0004;256;7;DIF-02;anima piena;14/09/2026 05:00
Banc_0020;14/09/2026;MAT-0004;153;5;DIF-01;anima rotta;14/09/2026 08:00:00
banc_0016;14/09/2026;MAT-0005;256;10;DIF-01;anima rotta;14/09/2026 05:00
BANC_0010;14/09/2026;MAT-0005;153;4;DIF-03;anima fuori tolleranza;14/09/2026 08:00
BANC_0014;2026/09/14;MAT-0006;256;10;DIF-01;anima rotta;2026/09/14 13:00:36
BANC_0002;2026/09/14;  MAT-0006 ;153;4;DIF-01;anima rotta;14/09/2026 16:00:00
BANC_0019;14-09-2026;mat-0007;256;8;DIF-01;anima rotta;14/09/2026 13:00:47
BANC_0005;14-09-2026;mat-0007;153;4;DIF-03;anima fuori tolleranza;14-09-2026 16:00:00
Cass_0002;2026/09/14;MAT-0008;400;15;DIF-02;anima piena;2026/09/14 15:49:46
BANC_0001;14/09/2026;MAT-0008;9;0;;;14/09/2026 16:00
CASS_0006;14/09/2026;MAT-0009;400;12;DIF-03;anima fuori tolleranza;14-09-2026 15:49:41
BANC_0004;14/09/2026;MAT-0009;9;0;N/A;;14/09/2026 16:00:00
CASS_0001;14/09/2026;  MAT-0010 ;400;12;DIF-03;  anima fuori tolleranza ;2026/09/14 15:49:50
BANC_0009;14/09/2026;mat-0010;9;0;nessuno;;14-09-2026 16:00:00
  BANC_0010 ;14/09/2026;MAT-0011;256;9;dif-03;  anima fuori tolleranza ;14-09-2026 21:00:34
BANC_0006;15-09-2026;MAT-0011;153;5;DIF-03;anima fuori tolleranza;15/09/2026 00:00
BANC_0007;14/09/2026;MAT-0012;256;8;DIF-02;anima piena;14/09/2026 21:35:33
BANC_0011;15/09/2026;mat-0012;123;3;  DIF-01 ;  anima rotta ;15-09-2026 00:00:00
BANC_0008;14-09-2026;MAT-0013;256;9;DIF-02;  anima piena ;14/09/2026 21:00:39
BANC_0014;15/09/2026;MAT-0013;153;5;DIF-02;anima piena;15/09/2026 00:00:00
BANC_0015;14/09/2026;MAT-0014;256;7;dif-02;anima piena;14/09/2026 21:00:40
BANC_0003;15/09/2026;MAT-0014;153;6;DIF-03;Anima fuori tolleranza;15/09/2026 00:00:00
BANC_0016;14/09/2026;MAT-0015;256;8;DIF-03;anima fuori tolleranza;2026/09/14 21:00:28
BANC_0018;2026/09/15;MAT-0015;153;4;dif-02;anima piena;15/09/2026 00:00:00
  BANC_0005 ;15-09-2026;Mat-0001;256;9;DIF-01;anima rotta;15/09/2026 05:00:39
BANC_0008;15/09/2026;MAT-0001;153;6;DIF-02;anima piena;15/09/2026 08:00:00
BANC_0004;15-09-2026;  MAT-0002 ;256;6;DIF-02;anima piena;2026/09/15 05:00:33
BANC_0002;2026/09/15;  MAT-0002 ;153;6;DIF-01;  anima rotta ;15-09-2026 08:00:00
  BANC_0001 ;2026/09/15;MAT-0003;256;6;DIF-02;  anima piena ;15/09/2026 05:00:42
BANC_0007;15/09/2026;MAT-0003;153;4;  DIF-01 ;anima rotta;15/09/2026 08:00:00
BANC_0013;15/09/2026;MAT-0004;256;10;  DIF-01 ;anima rotta;2026/09/15 05:00:40
BANC_0009;15/09/2026;MAT-0004;153;5;DIF-02;anima piena;15/09/2026 08:00:00
  BANC_0017 ;15/09/2026;  MAT-0005 ;256;8;Dif-02;anima piena;15/09/2026 05:00
BANC_0010;15/09/2026;mat-0005;153;5;dif-02;anima piena;15/09/2026 08:00:00
banc_0014;15/09/2026;MAT-0006;256;7;DIF-02;anima piena;15/09/2026 13:00:29
Banc_0006;15/09/2026;MAT-0006;153;4;Dif-03;anima fuori tolleranza;15-09-2026 16:00:00
BANC_0011;15/09/2026;MAT-0007;256;8;DIF-01;anima rotta;2026/09/15 13:00:34
BANC_0005;15/09/2026;MAT-0007;153;4;DIF-02;  anima piena ;15/09/2026 16:00
BANC_0012;15/09/2026;MAT-0008;256;8;  DIF-02 ;anima piena;15-09-2026 13:34:35
  BANC_0013 ;15/09/2026;MAT-0008;124;3;DIF-02;  anima piena ;15/09/2026 16:00
BANC_0015;15/09/2026;MAT-0009;256;7;DIF-02;anima piena;2026/09/15 13:00:35
BANC_0001;15/09/2026;MAT-0009;153;6;  DIF-01 ;anima rotta;15/09/2026 16:00
BANC_0003;15/09/2026;mat-0010;256;9;DIF-01;  anima rotta ;15/09/2026 13:00:33
BANC_0004;15-09-2026;MAT-0010;153;5;DIF-02;anima piena;15/09/2026 16:00:00
BANC_0008;2026/09/15;MAT-0011;256;9;DIF-02;anima piena;15/09/2026 21:00
BANC_0007;2026/09/16;MAT-0011;153;4;DIF-01;anima rotta;16/09/2026 00:00:00
BANC_0016;15/09/2026;MAT-0012;256;9;DIF-02;anima piena;15-09-2026 21:00:30
BANC_0010;16/09/2026;MAT-0012;153;4;DIF-03;anima fuori tolleranza;2026/09/16 00:00:00
BANC_0002;15/09/2026;MAT-0013;256;9;DIF-03;  anima fuori tolleranza ;15/09/2026 21:00:33
BANC_0012;16/09/2026;MAT-0013;153;6;dif-02;anima piena;16/09/2026 00:00:00
banc_0019;15/09/2026;MAT-0014;256;8;DIF-03;anima fuori tolleranza;15/09/2026 21:00:37
banc_0015;16/09/2026;MAT-0014;153;6;DIF-01;anima rotta;16/09/2026 00:00:00
  BANC_0017 ;2026/09/15;MAT-0015;256;7;DIF-02;anima piena;15/09/2026 21:00:36
BANC_0011;16/09/2026;MAT-0015;153;5;DIF-02;anima piena;16/09/2026 00:00:00
BANC_0004;2026/09/16;mat-0001;256;8;DIF-03;anima fuori tolleranza;2026/09/16 05:00:35
BANC_0005;16-09-2026;mat-0001;153;6;  DIF-03 ;anima fuori tolleranza;16/09/2026 08:00
BANC_0006;16/09/2026;Mat-0002;256;10;DIF-02;  anima piena ;16/09/2026 05:44:33
banc_0009;16/09/2026;MAT-0002;116;4;DIF-03;anima fuori tolleranza;16/09/2026 08:00:00
BANC_0018;16/09/2026;MAT-0003;256;7;DIF-01;anima rotta;16/09/2026 05:00:34
BANC_0002;2026/09/16;MAT-0003;153;6;Dif-03;anima fuori tolleranza;16/09/2026 08:00:00
BANC_0014;16/09/2026;  MAT-0004 ;256;10;dif-03;anima fuori tolleranza;16/09/2026 05:00:37
banc_0008;16/09/2026;MAT-0004;153;5;DIF-01;anima rotta;16/09/2026 08:00
BANC_0001;16/09/2026;Mat-0005;157;5;DIF-03;anima fuori tolleranza;2026/09/16 03:04:33
BANC_0003;16/09/2026;MAT-0005;192;7;Dif-03;anima fuori tolleranza;16-09-2026 04:59:55
  BANC_0017 ;2026/09/16;MAT-0005;192;8;dif-03;anima fuori tolleranza;16/09/2026 06:25
BANC_0013;16/09/2026;MAT-0005;192;7;  DIF-01 ;anima rotta;16/09/2026 07:50:57
BANC_0011;16/09/2026;MAT-0005;20;1;DIF-01;anima rotta;16-09-2026 08:00:00
BANC_0007;16-09-2026;Mat-0006;256;9;DIF-01;anima rotta;16/09/2026 13:00:22
BANC_0003;16/09/2026;  MAT-0006 ;56;2;DIF-03;anima fuori tolleranza;16/09/2026 14:06:24
  BANC_0002 ;16/09/2026;  MAT-0006 ;79;3;DIF-02;anima piena;16/09/2026 16:00
BANC_0019;16-09-2026;MAT-0007;256;8;DIF-01;anima rotta;2026/09/16 13:00:24
BANC_0004;16/09/2026;MAT-0007;153;5;DIF-03;anima fuori tolleranza;16/09/2026 16:00:00
BANC_0016;16/09/2026;MAT-0008;256;9;DIF-03;anima fuori tolleranza;16/09/2026 13:00:28
BANC_0006;16-09-2026;MAT-0008;153;5;DIF-01;anima rotta;16/09/2026 16:00:00
CASS_0001;16-09-2026;MAT-0009;145;4;DIF-03;anima fuori tolleranza;16/09/2026 10:50
banc_0015;16/09/2026;Mat-0009;160;6;DIF-01;anima rotta;16/09/2026 12:37:44
BANC_0012;16/09/2026;MAT-0009;160;4;DIF-01;  anima rotta ;16/09/2026 13:54
Banc_0001;16-09-2026;MAT-0009;160;6;DIF-03;anima fuori tolleranza;16/09/2026 15:11:09
banc_0011;16/09/2026;MAT-0009;102;4;DIF-02;anima piena;16/09/2026 16:00:00
CASS_0004;16/09/2026;MAT-0010;350;11;DIF-02;anima piena;16/09/2026 10:35:53
CASS_0003;16/09/2026;mat-0010;350;10;DIF-01;  anima rotta ;16/09/2026 13:12:06
BANC_0017;16-09-2026;MAT-0010;192;6;DIF-03;anima fuori tolleranza;16/09/2026 14:37
BANC_0013;16-09-2026;MAT-0010;184;7;DIF-03;anima fuori tolleranza;16/09/2026 16:00:00
banc_0009;16/09/2026;MAT-0011;320;10;Dif-02;anima piena;16-09-2026 21:38:21
BANC_0005;2026/09/17;mat-0011;134;5;DIF-01;anima rotta;17/09/2026 00:00:00
BANC_0014;16/09/2026;  MAT-0012 ;166;5;DIF-02;anima piena;16/09/2026 19:14:56
banc_0010;16/09/2026;MAT-0012;160;5;DIF-03;anima fuori tolleranza;16/09/2026 21:06:17
BANC_0003;16/09/2026;  MAT-0012 ;160;6;DIF-03;anima fuori tolleranza;16/09/2026 22:23:00
BANC_0002;16/09/2026;  MAT-0012 ;160;4;DIF-01;anima rotta;16-09-2026 23:39:42
  BANC_0007 ;17/09/2026;MAT-0012;42;2;dif-02;anima piena;17-09-2026 00:00:00
banc_0008;16-09-2026;mat-0013;256;8;  DIF-03 ;anima fuori tolleranza;16/09/2026 21:00:41
BANC_0018;2026/09/17;MAT-0013;153;5;DIF-03;anima fuori tolleranza;17/09/2026 00:00:00
  CASS_0007 ;16-09-2026;MAT-0014;300;8;dif-03;anima fuori tolleranza;16/09/2026 18:23:33
  CASS_0001 ;2026/09/16;MAT-0014;300;8;DIF-02;anima piena;16/09/2026 20:47:12
BANC_0016;16-09-2026;MAT-0014;160;6;dif-02;anima piena;16/09/2026 22:03
BANC_0011;16/09/2026;  MAT-0014 ;160;4;DIF-03;anima fuori tolleranza;16/09/2026 23:20
BANC_0013;2026/09/17;MAT-0014;84;3;DIF-01;anima rotta;17/09/2026 00:00:00
cass_0006;16/09/2026;MAT-0015;236;9;  DIF-03 ;anima fuori tolleranza;16/09/2026 17:45:11
BANC_0020;16/09/2026;MAT-0015;160;5;DIF-01;anima rotta;16/09/2026 19:46
CASS_0004;2026/09/16;MAT-0015;300;10;DIF-01;anima rotta;2026/09/16 22:10:25
BANC_0004;2026/09/16;  MAT-0015 ;160;6;DIF-02;anima piena;2026/09/16 23:27:09
BANC_0017;17-09-2026;mat-0015;70;2;dif-02;anima piena;17/09/2026 00:00:00
banc_0015;17-09-2026;  MAT-0001 ;320;12;DIF-03;anima fuori tolleranza;17/09/2026 05:38:18
  BANC_0006 ;17/09/2026;MAT-0001;134;4;dif-03;anima fuori tolleranza;17/09/2026 08:00:00
CASS_0002;17-09-2026;MAT-0002;300;9;DIF-01;anima rotta;17/09/2026 02:23
banc_0019;2026/09/17;MAT-0002;160;5;DIF-01;anima rotta;17/09/2026 03:40:16
BANC_0001;17/09/2026;MAT-0002;160;6;DIF-03;anima fuori tolleranza;17/09/2026 04:56:51
BANC_0003;17/09/2026;MAT-0002;160;5;DIF-03;anima fuori tolleranza;17-09-2026 06:13:36
BANC_0002;17/09/2026;  MAT-0002 ;160;6;DIF-03;anima fuori tolleranza;17/09/2026 07:30:20
Banc_0007;2026/09/17;mat-0002;62;2;DIF-02;anima piena;17/09/2026 08:00:00
BANC_0012;17-09-2026;Mat-0003;256;8;DIF-01;anima rotta;17-09-2026 05:54:28
BANC_0004;17/09/2026;MAT-0003;107;4;DIF-01;anima rotta;17-09-2026 08:00:00
CASS_0008;17/09/2026;  MAT-0004 ;300;10;  DIF-01 ;anima rotta;17/09/2026 02:23:38
CASS_0005;17/09/2026;MAT-0004;160;4;DIF-03;anima fuori tolleranza;17/09/2026 03:40:35
BANC_0014;17-09-2026;MAT-0004;216;7;DIF-03;anima fuori tolleranza;17/09/2026 08:00:00
CASS_0011;17/09/2026;MAT-0005;300;12;DIF-01;Anima rotta;17/09/2026 02:23:31
CASS_0006;17/09/2026;MAT-0005;300;12;DIF-03;anima fuori tolleranza;17-09-2026 04:47:16
BANC_0008;2026/09/17;MAT-0005;160;5;Dif-03;  anima fuori tolleranza ;2026/09/17 06:04:01
BANC_0005;17-09-2026;  MAT-0005 ;160;4;dif-02;anima piena;17/09/2026 07:20:37
Banc_0016;17/09/2026;MAT-0005;82;3;Dif-01;  anima rotta ;17/09/2026 08:00:00
BANC_0017;17-09-2026;mat-0006;320;11;DIF-01;anima rotta;17-09-2026 13:38:20
banc_0005;17/09/2026;MAT-0006;134;4;DIF-01;anima rotta;17/09/2026 16:00
Banc_0009;17-09-2026;Mat-0007;160;5;DIF-02;anima piena;17/09/2026 09:16:24
BANC_0018;17/09/2026;MAT-0007;160;5;DIF-01;anima rotta;17/09/2026 10:33:10
BANC_0013;17-09-2026;MAT-0007;14;1;dif-01;anima rotta;17/09/2026 10:40:07
BANC_0020;17/09/2026;MAT-0007;267;11;DIF-01;anima rotta;17/09/2026 16:00
BANC_0011;17-09-2026;Mat-0008;104;3;DIF-01;anima rotta;17/09/2026 10:02:10
banc_0010;17/09/2026;MAT-0008;192;7;DIF-03;anima fuori tolleranza;2026/09/17 12:02:32
  BANC_0019 ;2026/09/17;MAT-0008;192;6;DIF-03;anima fuori tolleranza;17/09/2026 13:28:03
BANC_0015;17-09-2026;mat-0008;192;6;DIF-01;anima rotta;2026/09/17 14:53:44
banc_0004;17-09-2026;MAT-0008;148;4;DIF-02;anima piena;17/09/2026 16:00:00
CASS_0007;2026/09/17;MAT-0009;450;15;DIF-01;anima rotta;17/09/2026 15:56:13
BANC_0003;2026/09/17;MAT-0009;4;0;N/A;;17/09/2026 16:00:00
cass_0009;17/09/2026;MAT-0010;284;8;dif-01;anima rotta;17/09/2026 10:15:58
  CASS_0001 ;2026/09/17;MAT-0010;284;10;DIF-03;Anima fuori tolleranza;17/09/2026 16:00:00
BANC_0001;17/09/2026;MAT-0011;320;13;DIF-03;anima fuori tolleranza;17/09/2026 21:38
BANC_0008;2026/09/18;MAT-0011;134;5;DIF-03;anima fuori tolleranza;18/09/2026 00:00:00
BANC_0012;17-09-2026;MAT-0012;320;10;DIF-02;anima piena;17/09/2026 21:38
BANC_0010;18/09/2026;MAT-0012;134;5;DIF-02;anima piena;18-09-2026 00:00:00
Banc_0007;17/09/2026;MAT-0013;192;6;DIF-02;anima piena;17/09/2026 17:25:23
BANC_0009;17/09/2026;MAT-0013;192;5;DIF-03;anima fuori tolleranza;17/09/2026 18:51:04
BANC_0002;17/09/2026;mat-0013;192;6;DIF-02;anima piena;17/09/2026 20:16:43
BANC_0014;17/09/2026;mat-0013;192;6;DIF-02;anima piena;2026/09/17 21:42:18
BANC_0013;17-09-2026;MAT-0013;192;5;DIF-03;anima fuori tolleranza;17-09-2026 23:07:54
Banc_0005;18-09-2026;MAT-0013;118;4;DIF-02;anima piena;2026/09/18 00:00:00
  CASS_0002 ;17/09/2026;MAT-0014;450;15;DIF-01;anima rotta;17/09/2026 23:55:53
BANC_0004;2026/09/18;MAT-0014;4;0;N/D;;2026/09/18 00:00:00
BANC_0016;17/09/2026;Mat-0015;320;10;DIF-02;anima piena;2026/09/17 21:38:20
banc_0011;18/09/2026;mat-0015;134;4;DIF-01;Anima rotta;18/09/2026 00:00:00
BANC_0006;18/09/2026;MAT-0001;320;8;  DIF-03 ;  anima fuori tolleranza ;18-09-2026 05:38:26
BANC_0007;18/09/2026;MAT-0001;134;5;DIF-02;anima piena;18/09/2026 08:00:00
banc_0018;18-09-2026;MAT-0002;320;12;DIF-02;anima piena;18/09/2026 05:38:21
BANC_0012;2026/09/18;MAT-0002;134;4;DIF-03;anima fuori tolleranza;18/09/2026 08:00
BANC_0015;18/09/2026;MAT-0003;192;7;DIF-01;anima rotta;18/09/2026 01:25:18
BANC_0019;18/09/2026;MAT-0003;192;5;DIF-01;anima rotta;18/09/2026 02:50:57
BANC_0009;18/09/2026;MAT-0003;192;7;DIF-02;anima piena;18/09/2026 04:16:28
  BANC_0014 ;18/09/2026;  MAT-0003 ;192;5;DIF-02;anima piena;18/09/2026 05:42
BANC_0013;2026/09/18;MAT-0003;192;6;dif-01;anima rotta;18/09/2026 07:07
BANC_0002;18-09-2026;MAT-0003;118;3;  DIF-03 ;anima fuori tolleranza;18/09/2026 08:00
CASS_0003;2026/09/18;MAT-0004;450;12;  DIF-03 ;anima fuori tolleranza;18/09/2026 07:55:58
BANC_0003;18/09/2026;mat-0004;4;0;;;18/09/2026 08:00:00
CASS_0005;18/09/2026;MAT-0005;450;14;DIF-02;anima piena;18-09-2026 07:56:08
Banc_0008;18/09/2026;MAT-0005;4;0;N/D;;18/09/2026 08:00
BANC_0005;18/09/2026;  MAT-0006 ;320;10;DIF-02;anima piena;18/09/2026 13:38:20
BANC_0006;2026/09/18;MAT-0006;134;4;dif-02;anima piena;18-09-2026 16:00:00
BANC_0010;2026/09/18;  MAT-0007 ;320;9;DIF-01;anima rotta;18/09/2026 13:38:30
BANC_0011;18/09/2026;MAT-0007;134;4;DIF-03;anima fuori tolleranza;18-09-2026 16:00:00
BANC_0016;18/09/2026;  MAT-0008 ;192;6;DIF-03;anima fuori tolleranza;18/09/2026 09:25:20
BANC_0015;2026/09/18;MAT-0008;192;7;DIF-01;anima rotta;18/09/2026 10:50:53
Banc_0001;18/09/2026;  MAT-0008 ;192;7;  DIF-01 ;anima rotta;18/09/2026 12:16:27
BANC_0017;2026/09/18;  MAT-0008 ;192;7;dif-01;anima rotta;18/09/2026 13:42
BANC_0013;18/09/2026;MAT-0008;66;2;DIF-03;anima fuori tolleranza;18/09/2026 14:11:48
Banc_0004;18/09/2026;MAT-0008;61;2;DIF-01;anima rotta;18/09/2026 16:00:00
CASS_0001;18/09/2026;  MAT-0009 ;450;14;DIF-01;anima rotta;18/09/2026 15:55:49
banc_0008;18-09-2026;MAT-0009;4;0;N/D;;18/09/2026 16:00:00
BANC_0020;18/09/2026;MAT-0010;320;8;  DIF-01 ;anima rotta;18/09/2026 13:38:32
BANC_0018;2026/09/18;  MAT-0010 ;134;5;DIF-01;anima rotta;18-09-2026 16:00:00
BANC_0003;2026/09/18;MAT-0011;57;2;Dif-02;Anima piena;18/09/2026 17:00:13
BANC_0014;18-09-2026;MAT-0011;160;5;DIF-02;anima piena;18-09-2026 18:53:40
BANC_0002;18-09-2026;MAT-0011;160;4;dif-03;anima fuori tolleranza;18/09/2026 20:10
BANC_0010;18/09/2026;Mat-0011;160;6;DIF-01;anima rotta;18/09/2026 21:27:01
BANC_0005;2026/09/18;MAT-0011;160;5;DIF-02;anima piena;18/09/2026 22:43:39
banc_0008;19-09-2026;mat-0011;160;5;DIF-01;anima rotta;19/09/2026 00:00
BANC_0007;2026/09/18;MAT-0012;320;9;DIF-03;anima fuori tolleranza;18/09/2026 21:38:26
BANC_0013;19/09/2026;MAT-0012;134;5;DIF-02;anima piena;19/09/2026 00:00:00
BANC_0012;18/09/2026;Mat-0013;320;9;  DIF-03 ;anima fuori tolleranza;18/09/2026 21:38:39
BANC_0001;19/09/2026;Mat-0013;134;4;  DIF-02 ;anima piena;2026/09/19 00:00:00
BANC_0016;18/09/2026;MAT-0014;320;10;DIF-01;anima rotta;18/09/2026 21:38:19
banc_0020;19/09/2026;MAT-0014;134;4;DIF-02;anima piena;19-09-2026 00:00:00
  CASS_0002 ;18/09/2026;MAT-0015;450;15;DIF-03;anima fuori tolleranza;18/09/2026 23:56:10
banc_0009;2026/09/19;MAT-0015;4;0;N/D;;19-09-2026 00:00:00
BANC_0005;21-09-2026;MAT-0001;160;4;DIF-02;anima piena;21/09/2026 01:16:22
BANC_0001;2026/09/21;MAT-0001;160;5;DIF-03;anima fuori tolleranza;21/09/2026 02:33
BANC_0007;21-09-2026;MAT-0001;160;5;DIF-02;anima piena;21/09/2026 03:49:47
BANC_0003;21/09/2026;MAT-0001;160;5;DIF-02;Anima piena;21/09/2026 05:06
BANC_0009;21/09/2026;MAT-0001;160;5;DIF-02;anima piena;21/09/2026 06:23:05
BANC_0010;21/09/2026;MAT-0001;160;6;DIF-03;anima fuori tolleranza;21/09/2026 07:39:43
BANC_0002;21/09/2026;MAT-0001;42;2;DIF-01;anima rotta;21/09/2026 08:00:00
BANC_0008;21/09/2026;mat-0002;320;9;DIF-01;anima rotta;21/09/2026 05:38
BANC_0011;21/09/2026;MAT-0002;134;4;DIF-02;anima piena;21/09/2026 08:00:00
Banc_0006;21/09/2026;MAT-0003;320;10;  DIF-01 ;anima rotta;21-09-2026 06:20:35
BANC_0015;2026/09/21;Mat-0003;94;3;DIF-03;anima fuori tolleranza;2026/09/21 08:00:00
BANC_0013;2026/09/21;MAT-0004;320;9;DIF-03;anima fuori tolleranza;21/09/2026 05:38:29
banc_0014;21-09-2026;MAT-0004;134;3;DIF-02;anima piena;21/09/2026 08:00:00
BANC_0017;2026/09/21;MAT-0005;320;12;  DIF-02 ;anima piena;2026/09/21 05:38:19
BANC_0004;21/09/2026;MAT-0005;134;4;DIF-01;anima rotta;21/09/2026 08:00:00
BANC_0016;2026/09/21;MAT-0006;16;1;DIF-02;anima piena;21-09-2026 08:07:41
BANC_0012;21/09/2026;MAT-0006;160;4;DIF-02;  anima piena ;21/09/2026 12:10:14
BANC_0003;2026/09/21;Mat-0006;160;6;DIF-01;  anima rotta ;21-09-2026 15:36:41
BANC_0002;21/09/2026;MAT-0006;18;1;DIF-01;anima rotta;21/09/2026 16:00:00
BANC_0019;21-09-2026;MAT-0007;320;11;DIF-02;anima piena;21/09/2026 13:38:17
BANC_0001;2026/09/21;  MAT-0007 ;134;5;DIF-01;anima rotta;2026/09/21 16:00:00
banc_0018;21/09/2026;MAT-0008;320;12;  DIF-01 ;anima rotta;21/09/2026 13:38:39
BANC_0009;21/09/2026;MAT-0008;134;5;DIF-03;anima fuori tolleranza;21/09/2026 16:00:00
Banc_0005;21-09-2026;MAT-0009;320;10;  DIF-02 ;anima piena;21/09/2026 13:38
banc_0007;21/09/2026;  MAT-0009 ;134;4;DIF-03;anima fuori tolleranza;21/09/2026 16:00
CASS_0003;21/09/2026;mat-0010;450;14;DIF-01;anima rotta;2026/09/21 15:56:05
BANC_0010;2026/09/21;MAT-0010;4;0;;;21/09/2026 16:00:00
BANC_0006;2026/09/21;mat-0011;160;5;DIF-03;anima fuori tolleranza;21/09/2026 19:26:23
BANC_0011;21-09-2026;MAT-0011;160;5;DIF-01;anima rotta;21/09/2026 22:53:02
BANC_0002;22/09/2026;MAT-0011;52;2;DIF-03;  anima fuori tolleranza ;22/09/2026 00:00:00
BANC_0008;2026/09/21;  MAT-0012 ;320;10;Dif-03;anima fuori tolleranza;21/09/2026 21:38:41
BANC_0005;22/09/2026;mat-0012;134;5;  DIF-02 ;anima piena;22/09/2026 00:00:00
BANC_0004;2026/09/21;MAT-0013;320;12;DIF-02;anima piena;21/09/2026 21:38
Banc_0012;22-09-2026;MAT-0013;134;4;DIF-02;anima piena;22/09/2026 00:00:00
BANC_0016;21-09-2026;MAT-0014;250;8;DIF-01;anima rotta;21/09/2026 20:24:38
Banc_0013;21/09/2026;MAT-0014;192;7;DIF-01;anima rotta;21/09/2026 22:23:58
banc_0007;21/09/2026;MAT-0014;192;6;DIF-03;  anima fuori tolleranza ;21/09/2026 23:49:31
BANC_0001;2026/09/22;MAT-0014;24;1;DIF-02;anima piena;22/09/2026 00:00
CASS_0001;21-09-2026;mat-0015;203;6;DIF-03;anima fuori tolleranza;21/09/2026 19:34:52
BANC_0017;21/09/2026;mat-0015;192;5;DIF-02;anima piena;21/09/2026 21:41:12
BANC_0003;21/09/2026;MAT-0015;192;5;dif-03;anima fuori tolleranza;21/09/2026 23:06:51
  BANC_0015 ;22/09/2026;MAT-0015;120;4;dif-02;anima piena;22-09-2026 00:00:00
  BANC_0018 ;2026/09/22;MAT-0001;160;4;DIF-02;anima piena;2026/09/22 04:02:36
BANC_0004;22/09/2026;  MAT-0001 ;160;4;DIF-03;  anima fuori tolleranza ;22/09/2026 07:29:17
BANC_0006;22/09/2026;MAT-0001;24;1;DIF-02;anima piena;22/09/2026 08:00:00
BANC_0010;22/09/2026;Mat-0002;108;4;DIF-02;anima piena;22/09/2026 01:54:16
BANC_0014;22/09/2026;mat-0002;256;7;DIF-01;anima rotta;22/09/2026 07:31:02
banc_0005;2026/09/22;MAT-0002;25;1;DIF-03;anima fuori tolleranza;22-09-2026 08:00:00
CASS_0003;22/09/2026;MAT-0003;450;15;DIF-02;anima piena;22/09/2026 07:56:14
BANC_0008;22/09/2026;MAT-0003;4;0;;;22/09/2026 08:00:00
BANC_0020;2026/09/22;MAT-0004;192;7;DIF-01;anima rotta;22-09-2026 01:25:20
CASS_0002;22/09/2026;Mat-0004;350;14;DIF-02;anima piena;22/09/2026 04:01:23
BANC_0019;22-09-2026;MAT-0004;192;5;dif-01;anima rotta;22/09/2026 05:27:02
BANC_0011;22/09/2026;  MAT-0004 ;192;6;DIF-01;  anima rotta ;22/09/2026 06:52:39
BANC_0003;22/09/2026;MAT-0004;152;4;DIF-02;anima piena;22/09/2026 08:00:00
CASS_0004;22/09/2026;MAT-0005;350;12;  DIF-03 ;anima fuori tolleranza;22/09/2026 02:35:54
banc_0016;22/09/2026;mat-0005;192;8;  DIF-01 ;anima rotta;22/09/2026 04:01
BANC_0017;22-09-2026;MAT-0005;192;6;  DIF-01 ;anima rotta;22-09-2026 05:27:13
CASS_0001;2026/09/22;MAT-0005;344;10;dif-01;anima rotta;22-09-2026 08:00:00
BANC_0009;22/09/2026;MAT-0006;160;6;DIF-03;anima fuori tolleranza;22/09/2026 11:26:18
BANC_0010;22/09/2026;MAT-0006;160;5;DIF-03;anima fuori tolleranza;22/09/2026 14:52:58
  BANC_0004 ;22-09-2026;MAT-0006;52;1;DIF-03;anima fuori tolleranza;22/09/2026 16:00
BANC_0002;2026/09/22;MAT-0007;256;9;dif-01;  anima rotta ;22/09/2026 13:00:27
BANC_0011;22/09/2026;  MAT-0007 ;153;6;Dif-01;anima rotta;22-09-2026 16:00:00
BANC_0012;22/09/2026;MAT-0008;320;10;DIF-01;anima rotta;2026/09/22 13:38:24
  BANC_0013 ;2026/09/22;MAT-0008;134;4;Dif-02;anima piena;22/09/2026 16:00:00
BANC_0001;2026/09/22;MAT-0009;192;7;DIF-02;anima piena;22/09/2026 09:25:20
CASS_0004;22/09/2026;MAT-0009;350;14;  DIF-02 ;anima piena;22/09/2026 12:01:24
BANC_0007;22/09/2026;MAT-0009;192;6;DIF-02;anima piena;22/09/2026 13:26:54
BANC_0015;22/09/2026;MAT-0009;192;6;DIF-03;anima fuori tolleranza;2026/09/22 14:52:27
BANC_0005;22/09/2026;MAT-0009;152;6;DIF-02;anima piena;22/09/2026 16:00
CASS_0007;22/09/2026;  MAT-0010 ;350;9;  DIF-02 ;anima piena;22/09/2026 10:35
BANC_0018;22/09/2026;mat-0010;192;6;DIF-01;anima rotta;2026/09/22 12:01:28
BANC_0016;22/09/2026;MAT-0010;124;4;DIF-01;anima rotta;22/09/2026 12:56:59
  BANC_0020 ;22/09/2026;Mat-0010;160;6;DIF-03;  anima fuori tolleranza ;22-09-2026 14:52:30
BANC_0008;22/09/2026;  MAT-0010 ;142;4;Dif-03;anima fuori tolleranza;22/09/2026 16:00
BANC_0017;22/09/2026;MAT-0011;160;6;DIF-02;anima piena;22-09-2026 19:26:27
BANC_0009;22-09-2026;MAT-0011;160;5;Dif-03;anima fuori tolleranza;22-09-2026 22:53:01
banc_0003;2026/09/23;MAT-0011;52;1;DIF-02;anima piena;23/09/2026 00:00
BANC_0014;22/09/2026;MAT-0012;256;8;DIF-01;anima rotta;22/09/2026 21:00:44
BANC_0010;23/09/2026;MAT-0012;153;5;DIF-02;anima piena;2026/09/23 00:00:00
banc_0019;22-09-2026;MAT-0013;320;8;dif-03;  anima fuori tolleranza ;22-09-2026 21:38:34
BANC_0002;23-09-2026;MAT-0013;134;5;DIF-01;anima rotta;23-09-2026 00:00:00
CASS_0001;22/09/2026;  MAT-0014 ;350;10;DIF-01;anima rotta;22-09-2026 18:35:54
CASS_0002;22-09-2026;MAT-0014;350;10;DIF-01;  anima rotta ;2026/09/22 21:11:51
BANC_0012;22/09/2026;  MAT-0014 ;192;6;DIF-01;anima rotta;22/09/2026 22:37:25
BANC_0004;23/09/2026;MAT-0014;186;7;  DIF-02 ;anima piena;23/09/2026 00:00:00
CASS_0003;22/09/2026;MAT-0015;300;12;  DIF-03 ;anima fuori tolleranza;22/09/2026 18:23:29
CASS_0005;22-09-2026;mat-0015;300;10;dif-03;anima fuori tolleranza;22-09-2026 21:12:12
BANC_0007;22/09/2026;MAT-0015;160;5;DIF-01;anima rotta;22/09/2026 22:28:56
banc_0005;22/09/2026;MAT-0015;160;6;dif-02;anima piena;22-09-2026 23:45:35
BANC_0013;23/09/2026;MAT-0015;30;1;dif-03;anima fuori tolleranza;23/09/2026 00:00
  BANC_0008 ;23/09/2026;MAT-0001;160;4;DIF-02;anima piena;23/09/2026 03:26:22
BANC_0006;23/09/2026;MAT-0001;160;6;DIF-02;anima piena;2026/09/23 06:53:12
BANC_0005;23/09/2026;MAT-0001;52;2;DIF-02;anima piena;23/09/2026 08:00:00
BANC_0011;2026/09/23;MAT-0002;256;8;DIF-01;anima rotta;23/09/2026 05:00
BANC_0001;23/09/2026;MAT-0002;153;6;DIF-03;anima fuori tolleranza;23/09/2026 08:00
BANC_0016;2026/09/23;MAT-0003;310;11;DIF-01;anima rotta;23/09/2026 05:28:01
BANC_0004;23/09/2026;  MAT-0003 ;192;7;DIF-02;anima piena;2026/09/23 07:37:24
BANC_0007;23/09/2026;MAT-0003;52;2;DIF-03;anima fuori tolleranza;2026/09/23 08:00:00
  CASS_0006 ;23/09/2026;MAT-0004;16;1;DIF-01;anima rotta;23/09/2026 00:07
CASS_0001;23-09-2026;MAT-0004;300;8;DIF-02;anima piena;23/09/2026 03:09:41
BANC_0014;23-09-2026;MAT-0004;160;5;DIF-02;anima piena;23/09/2026 04:26:22
BANC_0015;23/09/2026;MAT-0004;160;5;DIF-02;anima piena;23/09/2026 05:42:59
BANC_0009;23/09/2026;MAT-0004;160;5;DIF-03;anima fuori tolleranza;23-09-2026 06:59:40
BANC_0013;23/09/2026;MAT-0004;126;4;DIF-02;anima piena;23-09-2026 08:00:00
BANC_0020;2026/09/23;MAT-0005;160;5;DIF-01;anima rotta;23-09-2026 01:16:25
BANC_0018;23/09/2026;MAT-0005;160;4;DIF-03;anima fuori tolleranza;23/09/2026 02:33:11
  CASS_0003 ;2026/09/23;mat-0005;300;11;DIF-02;anima piena;23-09-2026 04:56:47
CASS_0004;23/09/2026;MAT-0005;300;9;DIF-03;anima fuori tolleranza;23/09/2026 07:20:36
BANC_0002;23/09/2026;MAT-0005;82;3;  DIF-03 ;  anima fuori tolleranza ;23/09/2026 08:00
Banc_0010;23-09-2026;  MAT-0006 ;160;5;DIF-01;anima rotta;23/09/2026 11:26:32
banc_0014;23/09/2026;MAT-0006;160;5;dif-02;anima piena;23/09/2026 14:52:55
BANC_0003;23/09/2026;MAT-0006;52;2;DIF-01;anima rotta;23/09/2026 16:00:00
BANC_0017;23/09/2026;MAT-0007;256;9;DIF-02;anima piena;23/09/2026 13:00
  BANC_0011 ;23-09-2026;MAT-0007;153;5;DIF-01;anima rotta;23/09/2026 16:00:00
CASS_0002;23/09/2026;MAT-0008;350;11;DIF-02;  anima piena ;23-09-2026 10:35:49
BANC_0008;23/09/2026;MAT-0008;192;7;dif-02;anima piena;23/09/2026 12:01
BANC_0018;23-09-2026;MAT-0008;192;5;DIF-03;anima fuori tolleranza;23/09/2026 13:27:05
BANC_0015;2026/09/23;MAT-0008;192;5;DIF-01;anima rotta;23/09/2026 14:52:43
BANC_0002;23/09/2026;MAT-0008;152;5;DIF-03;anima fuori tolleranza;23-09-2026 16:00:00
BANC_0019;23-09-2026;MAT-0009;160;5;  DIF-02 ;anima piena;2026/09/23 09:16:24
CASS_0005;23/09/2026;MAT-0009;300;10;DIF-03;anima fuori tolleranza;23/09/2026 11:40
CASS_0001;2026/09/23;MAT-0009;300;10;DIF-03;anima fuori tolleranza;23/09/2026 14:03:57
banc_0004;2026/09/23;MAT-0009;160;6;  DIF-01 ;anima rotta;23/09/2026 15:20
BANC_0001;23/09/2026;MAT-0009;82;3;DIF-02;anima piena;23-09-2026 16:00:00
  BANC_0012 ;23/09/2026;MAT-0010;160;4;DIF-03;  anima fuori tolleranza ;2026/09/23 09:16:25
CASS_0009;23-09-2026;MAT-0010;300;10;DIF-01;anima rotta;23/09/2026 11:40:10
CASS_0006;23-09-2026;MAT-0010;300;11;DIF-02;anima piena;23/09/2026 14:03:57
BANC_0006;23-09-2026;MAT-0010;160;6;DIF-01;anima rotta;23-09-2026 15:20:39
BANC_0012;23/09/2026;MAT-0010;82;2;DIF-02;anima piena;23/09/2026 16:00:00
BANC_0007;23-09-2026;MAT-0011;160;5;DIF-03;anima fuori tolleranza;23/09/2026 19:26:17
  BANC_0005 ;23/09/2026;MAT-0011;160;6;Dif-01;anima rotta;23/09/2026 22:52:52
BANC_0006;24/09/2026;MAT-0011;52;2;DIF-03;anima fuori tolleranza;2026/09/24 00:00:00
  BANC_0020 ;23/09/2026;MAT-0012;256;10;DIF-02;anima piena;23/09/2026 21:00
banc_0013;24/09/2026;MAT-0012;153;6;DIF-01;anima rotta;24/09/2026 00:00:00
banc_0019;23/09/2026;  MAT-0013 ;192;6;DIF-02;anima piena;2026/09/23 17:25:18
CASS_0004;23/09/2026;MAT-0013;350;13;DIF-02;anima piena;23-09-2026 20:01:22
BANC_0017;23-09-2026;mat-0013;192;5;DIF-03;anima fuori tolleranza;23/09/2026 21:26:58
  BANC_0004 ;23/09/2026;MAT-0013;192;8;DIF-02;anima piena;23/09/2026 22:52:29
Banc_0003;24/09/2026;MAT-0013;152;5;DIF-01;anima rotta;24/09/2026 00:00:00
  BANC_0016 ;23-09-2026;MAT-0014;160;6;DIF-03;Anima fuori tolleranza;2026/09/23 17:16:29
CASS_0003;23-09-2026;MAT-0014;300;8;DIF-01;anima rotta;23/09/2026 19:40
Banc_0018;23/09/2026;MAT-0014;160;5;DIF-03;anima fuori tolleranza;23/09/2026 20:56:54
BANC_0015;23-09-2026;MAT-0014;160;5;DIF-02;anima piena;23/09/2026 22:13:32
banc_0009;23/09/2026;MAT-0014;160;5;DIF-02;anima piena;23/09/2026 23:30:11
BANC_0010;2026/09/24;  MAT-0014 ;62;2;dif-02;anima piena;24/09/2026 00:00:00
CASS_0012;2026/09/23;MAT-0015;300;12;dif-02;anima piena;23-09-2026 18:23:30
BANC_0008;2026/09/23;MAT-0015;160;6;DIF-01;anima rotta;2026/09/23 19:40:05
CASS_0005;23/09/2026;MAT-0015;52;1;Dif-01;anima rotta;23-09-2026 20:05:16
CASS_0006;23-09-2026;MAT-0015;350;10;DIF-03;anima fuori tolleranza;23/09/2026 23:12:05
  BANC_0001 ;2026/09/24;mat-0015;108;4;DIF-03;anima fuori tolleranza;24/09/2026 00:00:00
BANC_0011;24-09-2026;MAT-0001;160;5;DIF-02;anima piena;24/09/2026 03:26:22
BANC_0007;2026/09/24;MAT-0001;160;6;  DIF-01 ;anima rotta;24/09/2026 06:53:11
BANC_0005;2026/09/24;  MAT-0001 ;52;1;DIF-03;anima fuori tolleranza;24/09/2026 08:00:00
BANC_0019;2026/09/24;MAT-0002;256;8;DIF-01;anima rotta;24/09/2026 05:00:33
BANC_0014;24/09/2026;MAT-0002;153;6;DIF-01;  anima rotta ;24/09/2026 08:00
BANC_0016;24/09/2026;MAT-0003;192;7;DIF-01;anima rotta;24/09/2026 01:25:21
CASS_0007;2026/09/24;mat-0003;350;10;DIF-03;anima fuori tolleranza;24/09/2026 04:01
banc_0018;24/09/2026;MAT-0003;192;8;DIF-01;anima rotta;24-09-2026 05:26:50
BANC_0008;24-09-2026;MAT-0003;192;7;  DIF-02 ;anima piena;24/09/2026 06:52:25
BANC_0004;2026/09/24;MAT-0003;60;2;  DIF-01 ;anima rotta;24-09-2026 07:19:25
BANC_0012;24/09/2026;mat-0004;160;6;DIF-03;anima fuori tolleranza;24-09-2026 01:16:27
cass_0002;24-09-2026;MAT-0004;296;10;dif-03;anima fuori tolleranza;24/09/2026 03:38
BANC_0017;24-09-2026;mat-0004;194;7;dif-02;anima piena;24/09/2026 08:00
CASS_0001;24/09/2026;MAT-0005;350;9;DIF-02;Anima piena;24/09/2026 02:35
Cass_0004;24-09-2026;MAT-0005;350;14;DIF-01;anima rotta;24/09/2026 05:12:12
Banc_0015;24/09/2026;  MAT-0005 ;192;7;DIF-01;anima rotta;24/09/2026 06:37:49
  BANC_0009 ;24/09/2026;  MAT-0005 ;184;7;DIF-03;anima fuori tolleranza;24/09/2026 08:00
BANC_0001;24/09/2026;MAT-0006;11;1;DIF-01;  anima rotta ;24/09/2026 08:14:14
BANC_0003;24/09/2026;MAT-0006;160;5;DIF-01;anima rotta;24/09/2026 10:12
BANC_0011;24/09/2026;MAT-0006;160;4;Dif-01;anima rotta;2026/09/24 11:29:23
BANC_0006;2026/09/24;MAT-0006;160;6;DIF-02;anima piena;24/09/2026 12:46:05
BANC_0013;24/09/2026;MAT-0006;160;4;  DIF-03 ;anima fuori tolleranza;24/09/2026 14:02:46
BANC_0008;2026/09/24;MAT-0006;160;6;DIF-03;anima fuori tolleranza;24/09/2026 15:19:25
  BANC_0001 ;24/09/2026;MAT-0006;86;3;  DIF-02 ;anima piena;24/09/2026 16:00:00
BANC_0016;24-09-2026;MAT-0007;256;8;DIF-03;anima fuori tolleranza;24-09-2026 13:00:35
BANC_0002;24/09/2026;MAT-0007;153;5;DIF-02;anima piena;24/09/2026 16:00:00
BANC_0010;2026/09/24;MAT-0008;160;5;dif-02;anima piena;24-09-2026 09:16:24
cass_0003;24/09/2026;mat-0008;300;8;DIF-02;anima piena;24/09/2026 11:40
CASS_0001;2026/09/24;MAT-0008;300;11;DIF-02;anima piena;2026/09/24 14:03:39
BANC_0007;24-09-2026;MAT-0008;160;5;  DIF-01 ;anima rotta;24/09/2026 15:20:21
BANC_0009;24-09-2026;MAT-0008;84;2;DIF-02;  anima piena ;24-09-2026 16:00:00
BANC_0012;24-09-2026;MAT-0009;256;8;DIF-03;anima fuori tolleranza;24/09/2026 13:00:36
BANC_0020;24/09/2026;  MAT-0009 ;153;4;DIF-01;anima rotta;24/09/2026 16:00:00
  CASS_0009 ;24/09/2026;MAT-0010;350;9;DIF-02;anima piena;24/09/2026 11:30:48
CASS_0002;24/09/2026;MAT-0010;350;10;DIF-02;  anima piena ;24/09/2026 14:06
BANC_0004;24/09/2026;MAT-0010;192;8;DIF-01;anima rotta;24/09/2026 15:32:20
BANC_0017;24-09-2026;MAT-0010;62;2;  DIF-03 ;anima fuori tolleranza;24-09-2026 16:00:00
BANC_0010;24-09-2026;MAT-0011;160;6;DIF-03;  anima fuori tolleranza ;24/09/2026 17:16
BANC_0005;24/09/2026;Mat-0011;160;5;DIF-01;anima rotta;2026/09/24 18:33:08
BANC_0015;24/09/2026;MAT-0011;160;5;dif-01;anima rotta;24/09/2026 19:49:41
BANC_0011;2026/09/24;MAT-0011;160;4;DIF-01;anima rotta;24/09/2026 21:06
BANC_0006;24-09-2026;MAT-0011;160;5;DIF-03;anima fuori tolleranza;24-09-2026 22:22:53
BANC_0002;2026/09/24;MAT-0011;160;5;DIF-01;anima rotta;24/09/2026 23:39:40
banc_0004;25/09/2026;MAT-0011;42;1;dif-03;anima fuori tolleranza;25/09/2026 00:00:00
CASS_0004;24-09-2026;MAT-0012;95;3;DIF-02;anima piena;24/09/2026 17:51:37
BANC_0019;24/09/2026;MAT-0012;160;5;DIF-02;anima piena;24/09/2026 19:38:02
BANC_0003;24/09/2026;MAT-0012;160;5;DIF-01;anima rotta;24-09-2026 20:54:44
BANC_0014;24/09/2026;mat-0012;160;5;  DIF-01 ;anima rotta;24/09/2026 22:11:21
BANC_0008;24/09/2026;MAT-0012;160;5;DIF-01;anima rotta;24/09/2026 23:28:02
BANC_0009;25-09-2026;MAT-0012;68;2;  DIF-01 ;  anima rotta ;2026/09/25 00:00:00
CASS_0005;24/09/2026;MAT-0013;300;9;  DIF-01 ;anima rotta;24/09/2026 18:23:32
CASS_0007;2026/09/24;MAT-0013;300;9;DIF-01;anima rotta;24/09/2026 20:47:18
  CASS_0001 ;24/09/2026;MAT-0013;254;8;DIF-02;anima piena;24/09/2026 22:49:15
BANC_0013;25/09/2026;MAT-0013;68;2;DIF-01;anima rotta;25/09/2026 00:00:00
CASS_0011;24-09-2026;MAT-0014;400;13;DIF-02;  anima piena ;24/09/2026 23:49:54
BANC_0012;2026/09/25;Mat-0014;9;0;N/D;;25/09/2026 00:00:00
  CASS_0006 ;24/09/2026;MAT-0015;350;12;DIF-02;anima piena;24/09/2026 18:35:45
CASS_0003;24/09/2026;MAT-0015;350;10;DIF-01;anima rotta;24/09/2026 21:11:50
  CASS_0009 ;2026/09/24;mat-0015;264;9;DIF-03;anima fuori tolleranza;24-09-2026 23:09:50
BANC_0010;25-09-2026;Mat-0015;7;0;  nessuno ;;25/09/2026 00:00:00
BANC_0018;25/09/2026;MAT-0001;160;6;DIF-02;anima piena;25/09/2026 01:16:19
BANC_0005;25-09-2026;MAT-0001;160;4;Dif-02;anima piena;2026/09/25 02:33:01
BANC_0016;25/09/2026;MAT-0001;160;5;DIF-02;  anima piena ;25/09/2026 03:49:36
Banc_0007;25/09/2026;MAT-0001;160;6;  DIF-03 ;  anima fuori tolleranza ;25-09-2026 05:06:10
BANC_0001;25-09-2026;  MAT-0001 ;156;6;DIF-02;anima piena;25/09/2026 06:21:06
BANC_0002;25/09/2026;mat-0001;57;2;dif-02;anima piena;25/09/2026 08:00:00
BANC_0017;25/09/2026;MAT-0002;160;4;DIF-02;anima piena;25-09-2026 01:16:27
CASS_0004;25/09/2026;MAT-0002;300;10;DIF-03;anima fuori tolleranza;25/09/2026 03:40:16
banc_0003;25/09/2026;MAT-0002;160;6;DIF-01;anima rotta;25-09-2026 04:56:56
BANC_0014;25/09/2026;MAT-0002;160;6;DIF-03;anima fuori tolleranza;25/09/2026 06:13:40
BANC_0004;25/09/2026;mat-0002;160;6;dif-02;anima piena;25/09/2026 07:30:20
BANC_0010;2026/09/25;MAT-0002;62;2;DIF-01;Anima rotta;25/09/2026 08:00:00
CASS_0002;2026/09/25;MAT-0003;350;13;  DIF-03 ;anima fuori tolleranza;25/09/2026 02:35:46
CASS_0005;25/09/2026;mat-0003;350;10;  DIF-03 ;  anima fuori tolleranza ;25/09/2026 05:11:45
BANC_0011;25-09-2026;MAT-0003;192;6;dif-03;anima fuori tolleranza;25-09-2026 06:37:15
BANC_0006;2026/09/25;MAT-0003;186;5;  DIF-03 ;anima fuori tolleranza;25/09/2026 08:00:00
Cass_0012;25/09/2026;mat-0004;400;16;dif-03;anima fuori tolleranza;25/09/2026 07:49:59
BANC_0009;25/09/2026;MAT-0004;9;0;N/D;;2026/09/25 08:00:00
cass_0013;25/09/2026;MAT-0005;450;14;dif-03;anima fuori tolleranza;25/09/2026 07:56:06
BANC_0017;25/09/2026;MAT-0005;4;0;N/A;;25-09-2026 08:00:00
Banc_0013;25-09-2026;  MAT-0006 ;256;9;DIF-03;anima fuori tolleranza;25-09-2026 13:00:29
BANC_0001;25/09/2026;MAT-0006;153;5;DIF-02;anima piena;25-09-2026 16:00:00
BANC_0015;25/09/2026;MAT-0007;160;5;DIF-02;anima piena;25/09/2026 09:16:24
banc_0018;25/09/2026;Mat-0007;160;4;DIF-03;anima fuori tolleranza;25/09/2026 10:33
BANC_0016;25/09/2026;MAT-0007;160;6;DIF-03;anima fuori tolleranza;25/09/2026 11:49:55
BANC_0008;2026/09/25;MAT-0007;160;6;DIF-02;anima piena;25/09/2026 13:06:38
banc_0011;25/09/2026;MAT-0007;160;6;DIF-01;  anima rotta ;25/09/2026 14:23:23
BANC_0003;25-09-2026;MAT-0007;160;6;DIF-02;Anima piena;2026/09/25 15:40:05
BANC_0007;25-09-2026;mat-0007;42;1;DIF-02;anima piena;25/09/2026 16:00:00
  BANC_0019 ;25/09/2026;MAT-0008;192;6;dif-01;anima rotta;25/09/2026 09:25:19
BANC_0020;25/09/2026;MAT-0008;192;6;DIF-02;anima piena;25/09/2026 10:51
Cass_0001;25/09/2026;MAT-0008;350;11;dif-01;anima rotta;25/09/2026 13:26:59
CASS_0003;25/09/2026;MAT-0008;344;9;DIF-03;anima fuori tolleranza;2026/09/25 16:00:00
Cass_0009;2026/09/25;  MAT-0009 ;400;12;DIF-02;anima piena;25-09-2026 15:49:40
banc_0004;25-09-2026;MAT-0009;9;0;N/D;;25/09/2026 16:00:00
CASS_0007;25/09/2026;mat-0010;450;14;  DIF-02 ;  anima piena ;25/09/2026 15:56:03
BANC_0009;25-09-2026;MAT-0010;4;0;;;25/09/2026 16:00:00
banc_0006;2026/09/25;MAT-0011;256;7;dif-01;anima rotta;25/09/2026 21:00:27
BANC_0008;2026/09/26;MAT-0011;153;4;DIF-02;anima piena;26-09-2026 00:00:00
BANC_0014;25/09/2026;MAT-0012;160;5;dif-02;anima piena;25/09/2026 17:16:20
BANC_0005;2026/09/25;MAT-0012;160;6;DIF-03;anima fuori tolleranza;25-09-2026 18:32:53
  BANC_0002 ;25/09/2026;MAT-0012;160;5;DIF-02;anima piena;25/09/2026 19:49:36
BANC_0012;25/09/2026;MAT-0012;160;6;DIF-02;anima piena;25/09/2026 21:06:15
BANC_0016;25/09/2026;MAT-0012;82;3;dif-01;anima rotta;25/09/2026 21:45
BANC_0007;26/09/2026;mat-0012;85;2;DIF-02;anima piena;26/09/2026 00:00:00
BANC_0017;2026/09/25;MAT-0013;192;5;DIF-01;anima rotta;25/09/2026 17:25:28
BANC_0019;2026/09/25;  MAT-0013 ;192;7;DIF-02;anima piena;2026/09/25 18:51:00
Cass_0002;2026/09/25;mat-0013;350;10;dif-03;anima fuori tolleranza;25/09/2026 21:26:59
BANC_0013;25/09/2026;MAT-0013;192;6;  DIF-02 ;anima piena;25/09/2026 22:52:41
banc_0009;25-09-2026;mat-0013;48;2;DIF-01;anima rotta;25/09/2026 23:14:22
BANC_0003;26/09/2026;  MAT-0013 ;14;1;DIF-01;anima rotta;26/09/2026 00:00:00
CASS_0004;25/09/2026;MAT-0014;266;9;DIF-01;anima rotta;25/09/2026 21:12:42
BANC_0018;26/09/2026;MAT-0014;107;4;DIF-02;anima piena;26/09/2026 00:00:00
CASS_0006;25/09/2026;MAT-0015;450;11;DIF-03;anima fuori tolleranza;2026/09/25 23:56:23
Banc_0011;26/09/2026;MAT-0015;4;0; ;;26/09/2026 00:00:00
BANC_0004;2026/09/28;  MAT-0001 ;256;10;dif-03;anima fuori tolleranza;28/09/2026 05:00
BANC_0002;28/09/2026;MAT-0001;153;5;DIF-02;anima piena;28/09/2026 08:00:00
BANC_0007;28-09-2026;MAT-0002;320;13;DIF-03;anima fuori tolleranza;28/09/2026 05:38:18
BANC_0005;28-09-2026;MAT-0002;134;5;DIF-02;anima piena;28/09/2026 08:00:00
BANC_0001;28-09-2026;MAT-0003;160;4;  DIF-01 ;Anima rotta;2026/09/28 01:16:27
  BANC_0008 ;2026/09/28;MAT-0003;160;4;dif-03;anima fuori tolleranza;28/09/2026 02:33:05
BANC_0011;28-09-2026;MAT-0003;160;5;dif-01;anima rotta;28/09/2026 03:49:45
BANC_0003;28-09-2026;MAT-0003;160;6;DIF-02;anima piena;28/09/2026 05:06:28
BANC_0013;28/09/2026;MAT-0003;160;4;Dif-01;anima rotta;28/09/2026 06:23
BANC_0009;28/09/2026;MAT-0003;160;6;DIF-02;anima piena;28/09/2026 07:39:49
  BANC_0010 ;28/09/2026;MAT-0003;42;2;DIF-02;Anima piena;2026/09/28 08:00:00
BANC_0012;28/09/2026;MAT-0004;160;5;DIF-02;anima piena;2026/09/28 03:26:24
banc_0016;28/09/2026;  MAT-0004 ;160;4;DIF-02;anima piena;28/09/2026 06:52:58
banc_0017;28/09/2026;MAT-0004;52;1;DIF-02;anima piena;28-09-2026 08:00:00
BANC_0006;28/09/2026;MAT-0005;320;11;DIF-01;anima rotta;28/09/2026 05:38:19
BANC_0020;2026/09/28;MAT-0005;134;3;DIF-03;anima fuori tolleranza;28/09/2026 08:00:00
BANC_0014;28-09-2026;  MAT-0006 ;256;10;  DIF-03 ;Anima fuori tolleranza;28/09/2026 13:00:34
BANC_0006;28/09/2026;MAT-0006;153;6;DIF-01;anima rotta;28/09/2026 16:00
BANC_0018;2026/09/28;MAT-0007;320;8;DIF-03;anima fuori tolleranza;2026/09/28 13:38:21
BANC_0001;28-09-2026;MAT-0007;134;5;DIF-03;anima fuori tolleranza;28/09/2026 16:00
  CASS_0002 ;28-09-2026;MAT-0008;300;10;DIF-03;anima fuori tolleranza;28/09/2026 10:23:28
BANC_0019;28/09/2026;Mat-0008;160;5;dif-03;anima fuori tolleranza;28/09/2026 11:40
BANC_0011;28/09/2026;MAT-0008;160;6;DIF-02;anima piena;28-09-2026 12:56:43
BANC_0007;28/09/2026;MAT-0008;160;6;DIF-03;anima fuori tolleranza;28/09/2026 14:13:25
  BANC_0004 ;28/09/2026;MAT-0008;160;6;DIF-02;anima piena;28/09/2026 15:30
Banc_0009;28-09-2026;MAT-0008;62;2;DIF-02;Anima piena;28/09/2026 16:00
banc_0015;2026/09/28;MAT-0009;160;5;DIF-02;anima piena;28/09/2026 11:26:28
BANC_0012;2026/09/28;MAT-0009;160;4;DIF-02;Anima piena;2026/09/28 14:53:07
BANC_0002;28/09/2026;MAT-0009;52;2;DIF-03;anima fuori tolleranza;28/09/2026 16:00:00
CASS_0003;28/09/2026;mat-0010;450;18;  DIF-03 ;anima fuori tolleranza;28/09/2026 15:56:03
BANC_0008;28/09/2026;MAT-0010;4;0; ;;28-09-2026 16:00:00
BANC_0010;28/09/2026;MAT-0011;137;4;DIF-02;anima piena;2026/09/28 18:41:01
BANC_0013;2026/09/28;MAT-0011;192;5;dif-01;anima rotta;28-09-2026 20:47:27
banc_0014;2026/09/28;MAT-0011;192;6;DIF-03;anima fuori tolleranza;28/09/2026 22:13:00
BANC_0003;28/09/2026;MAT-0011;192;6;DIF-02;anima piena;28-09-2026 23:38:37
BANC_0005;2026/09/29;MAT-0011;48;1;DIF-01;anima rotta;29/09/2026 00:00:00
BANC_0016;2026/09/28;MAT-0012;320;8;DIF-02;anima piena;2026/09/28 21:38:29
  BANC_0012 ;2026/09/29;MAT-0012;134;5;DIF-01;anima rotta;29/09/2026 00:00:00
CASS_0001;28/09/2026;MAT-0013;300;11;  DIF-02 ;anima piena;28/09/2026 18:23
BANC_0015;28/09/2026;mat-0013;160;5;DIF-02;anima piena;28/09/2026 19:40:07
BANC_0018;2026/09/28;MAT-0013;160;5;DIF-03;anima fuori tolleranza;28/09/2026 20:56:44
Banc_0019;28/09/2026;MAT-0013;160;6;DIF-02;Anima piena;28/09/2026 22:13:24
BANC_0004;28/09/2026;mat-0013;160;6;DIF-02;anima piena;2026/09/28 23:30:04
  BANC_0001 ;2026/09/28;MAT-0013;32;1;  DIF-03 ;anima fuori tolleranza;28/09/2026 23:45
CASS_0004;2026/09/28;MAT-0014;250;9;  DIF-01 ;anima rotta;28/09/2026 21:22:35
  CASS_0002 ;29/09/2026;  MAT-0014 ;122;5;DIF-01;anima rotta;2026/09/29 00:00:00
CASS_0007;28/09/2026;MAT-0015;450;15;DIF-01;anima rotta;28-09-2026 23:56:03
BANC_0007;2026/09/29;MAT-0015;4;0;n/d;;29/09/2026 00:00:00
BANC_0011;29/09/2026;mat-0001;192;5;DIF-02;  anima piena ;29/09/2026 01:25:14
BANC_0008;29/09/2026;MAT-0001;192;7;DIF-02;  anima piena ;2026/09/29 02:50:50
BANC_0009;29/09/2026;MAT-0001;192;5;DIF-01;anima rotta;29/09/2026 04:16:23
  BANC_0002 ;29/09/2026;MAT-0001;192;7;  DIF-02 ;anima piena;29/09/2026 05:42:03
BANC_0003;29/09/2026;MAT-0001;192;6;DIF-03;anima fuori tolleranza;29/09/2026 07:07:43
BANC_0001;2026/09/29;mat-0001;118;4;DIF-01;  anima rotta ;29/09/2026 08:00:00
BANC_0006;29/09/2026;  MAT-0002 ;320;10;dif-01;anima rotta;29/09/2026 05:38:29
BANC_0010;2026/09/29;MAT-0002;134;5;DIF-02;anima piena;29/09/2026 08:00:00
CASS_0005;29/09/2026;MAT-0003;250;8;DIF-03;anima fuori tolleranza;29-09-2026 05:22:46
BANC_0013;29/09/2026;Mat-0003;122;4;DIF-03;anima fuori tolleranza;29/09/2026 08:00:00
BANC_0017;2026/09/29;MAT-0004;160;4;Dif-01;anima rotta;29/09/2026 03:26:28
CASS_0001;29/09/2026;MAT-0004;212;7;DIF-01;anima rotta;29/09/2026 08:00:00
cass_0008;29-09-2026;MAT-0005;216;7;DIF-03;anima fuori tolleranza;29/09/2026 03:48:48
  BANC_0019 ;29-09-2026;MAT-0005;160;6;dif-03;anima fuori tolleranza;29/09/2026 05:50:18
BANC_0014;2026/09/29;  MAT-0005 ;160;6;Dif-02;anima piena;29/09/2026 07:06:59
  BANC_0004 ;29/09/2026;MAT-0005;112;3;  DIF-02 ;anima piena;29/09/2026 08:00:00
BANC_0012;2026/09/29;MAT-0006;192;6;dif-01;anima rotta;29/09/2026 09:25:21
BANC_0015;29/09/2026;MAT-0006;192;5;DIF-03;anima fuori tolleranza;29/09/2026 10:50:52
BANC_0007;29-09-2026;MAT-0006;192;6;DIF-03;anima fuori tolleranza;29/09/2026 12:16:29
BANC_0005;2026/09/29;MAT-0006;192;5;DIF-03;anima fuori tolleranza;29/09/2026 13:42
  BANC_0003 ;29-09-2026;MAT-0006;192;6;  DIF-03 ;anima fuori tolleranza;29/09/2026 15:07
BANC_0002;2026/09/29;Mat-0006;118;4;  DIF-03 ;anima fuori tolleranza;29/09/2026 16:00:00
BANC_0011;29/09/2026;  MAT-0007 ;320;10;DIF-02;anima piena;29-09-2026 13:38:22
  BANC_0006 ;2026/09/29;MAT-0007;134;4;DIF-03;anima fuori tolleranza;29/09/2026 16:00:00
BANC_0016;29/09/2026;MAT-0008;160;5;DIF-03;anima fuori tolleranza;29/09/2026 11:26:23
BANC_0009;29/09/2026;MAT-0008;160;6;DIF-03;anima fuori tolleranza;29/09/2026 14:53:02
  BANC_0008 ;29/09/2026;Mat-0008;52;1;DIF-02;anima piena;29/09/2026 16:00:00
CASS_0002;2026/09/29;MAT-0009;250;8;DIF-03;anima fuori tolleranza;29-09-2026 13:22:36
BANC_0020;2026/09/29;MAT-0009;122;4;DIF-02;anima piena;29/09/2026 16:00:00
CASS_0004;29/09/2026;MAT-0010;300;8;DIF-02;anima piena;29/09/2026 10:23:24
Cass_0006;29/09/2026;MAT-0010;300;9;DIF-01;anima rotta;2026/09/29 12:47:14
BANC_0017;2026/09/29;MAT-0010;160;4;DIF-03;anima fuori tolleranza;29-09-2026 14:04:00
BANC_0010;2026/09/29;MAT-0010;160;6;dif-02;anima piena;29/09/2026 15:20:39
BANC_0013;29/09/2026;MAT-0010;82;3;DIF-01;  anima rotta ;29/09/2026 16:00:00
banc_0014;29-09-2026;MAT-0011;192;7;DIF-01;anima rotta;29/09/2026 17:25:24
BANC_0018;29-09-2026;MAT-0011;86;3;DIF-03;anima fuori tolleranza;29/09/2026 18:03:55
banc_0012;30/09/2026;MAT-0011;301;9;DIF-03;anima fuori tolleranza;30/09/2026 00:00:00
CASS_0003;2026/09/29;MAT-0012;447;14;DIF-01;anima rotta;29/09/2026 23:52:59
banc_0004;2026/09/29;MAT-0013;160;5;dif-01;anima rotta;29/09/2026 19:26:20
BANC_0015;29-09-2026;MAT-0013;160;6;DIF-01;anima rotta;29/09/2026 22:53
BANC_0006;30/09/2026;MAT-0013;52;2;DIF-02;anima piena;30/09/2026 00:00:00
Cass_0005;29-09-2026;MAT-0014;250;8;DIF-03;anima fuori tolleranza;29/09/2026 21:22:34
BANC_0001;2026/09/30;MAT-0014;122;5;  DIF-01 ;anima rotta;30/09/2026 00:00
Cass_0009;29/09/2026;MAT-0015;300;11;Dif-01;anima rotta;29/09/2026 18:23:36
Banc_0016;29/09/2026;MAT-0015;160;5;DIF-03;anima fuori tolleranza;29-09-2026 19:40:17
CASS_0002;29-09-2026;  MAT-0015 ;300;12;DIF-03;anima fuori tolleranza;29/09/2026 22:03:57
banc_0005;29/09/2026;MAT-0015;160;5;  DIF-01 ;anima rotta;29/09/2026 23:20:39
Banc_0008;30/09/2026;MAT-0015;82;3;  DIF-01 ;anima rotta;30/09/2026 00:00:00
BANC_0003;30/09/2026;Mat-0001;320;8;DIF-02;anima piena;30/09/2026 05:38:17
BANC_0004;30/09/2026;MAT-0001;134;5;DIF-03;anima fuori tolleranza;30/09/2026 08:00
BANC_0007;2026/09/30;MAT-0002;256;8;DIF-03;anima fuori tolleranza;30/09/2026 05:00:42
BANC_0002;30-09-2026;MAT-0002;153;4;DIF-02;anima piena;30/09/2026 08:00:00
BANC_0009;30-09-2026;  MAT-0003 ;160;6;DIF-03;anima fuori tolleranza;30/09/2026 03:26
BANC_0014;2026/09/30;  MAT-0003 ;160;6;DIF-03;anima fuori tolleranza;30/09/2026 06:52:51
BANC_0006;30/09/2026;MAT-0003;52;2;DIF-01;anima rotta;2026/09/30 08:00:00
BANC_0010;30/09/2026;MAT-0004;160;5;DIF-02;anima piena;30/09/2026 03:26:23
BANC_0017;30/09/2026;MAT-0004;160;6;DIF-02;anima piena;30/09/2026 06:52:57
BANC_0011;30-09-2026;MAT-0004;22;1;DIF-02;anima piena;30/09/2026 07:21:34
BANC_0001;30-09-2026;MAT-0004;2;0;N/A;;2026/09/30 08:00:00
BANC_0013;30/09/2026;MAT-0005;160;6;dif-02;anima piena;30/09/2026 01:16:29
CASS_0004;30/09/2026;MAT-0005;64;2;Dif-03;Anima fuori tolleranza;30-09-2026 01:47:24
BANC_0018;30/09/2026;  MAT-0005 ;160;6;DIF-01;anima rotta;30/09/2026 05:53:50
BANC_0005;30/09/2026;MAT-0005;98;3;DIF-02;anima piena;30/09/2026 08:00:00
BANC_0015;30/09/2026;MAT-0006;320;9;DIF-01;anima rotta;2026/09/30 13:38:15
BANC_0003;30-09-2026;MAT-0006;134;4;DIF-01;anima rotta;30-09-2026 16:00:00
BANC_0008;30-09-2026;MAT-0007;256;8;DIF-03;anima fuori tolleranza;30-09-2026 13:00:27
Banc_0013;30/09/2026;MAT-0007;153;5;DIF-03;anima fuori tolleranza;30/09/2026 16:00:00
BANC_0016;30/09/2026;MAT-0008;160;5;  DIF-01 ;anima rotta;30/09/2026 11:26:28
banc_0007;30/09/2026;MAT-0008;160;6;Dif-02;anima piena;30/09/2026 14:53:11
BANC_0006;30/09/2026;Mat-0008;52;2;  DIF-01 ;anima rotta;30/09/2026 16:00:00
BANC_0012;30/09/2026;MAT-0009;320;10;DIF-03;anima fuori tolleranza;30-09-2026 13:38:27
BANC_0010;2026/09/30;MAT-0009;134;5;Dif-02;anima piena;2026/09/30 16:00:00
BANC_0020;30/09/2026;MAT-0010;160;6;  DIF-01 ;anima rotta;30/09/2026 11:26
CASS_0001;30/09/2026;mat-0010;212;8;DIF-01;Anima rotta;30-09-2026 16:00:00
BANC_0002;30/09/2026;mat-0011;320;12;DIF-03;anima fuori tolleranza;30/09/2026 21:38:31
Banc_0004;01/10/2026;  MAT-0011 ;134;4;DIF-02;anima piena;01-10-2026 00:00:00
Banc_0014;30/09/2026;MAT-0012;256;10;  DIF-02 ;anima piena;30/09/2026 21:00:37
BANC_0001;2026/10/01;MAT-0012;153;4;DIF-03;anima fuori tolleranza;01/10/2026 00:00
BANC_0005;30/09/2026;MAT-0013;160;5;dif-03;anima fuori tolleranza;30/09/2026 19:26:32
BANC_0008;30/09/2026;mat-0013;160;6;DIF-03;anima fuori tolleranza;30/09/2026 22:53
BANC_0006;01/10/2026;mat-0013;52;2;DIF-01;anima rotta;01-10-2026 00:00:00
BANC_0009;2026/09/30;MAT-0014;320;12;DIF-01;anima rotta;30/09/2026 21:38:19
BANC_0007;01-10-2026;  MAT-0014 ;134;5;DIF-01;anima rotta;01-10-2026 00:00:00
CASS_0002;30/09/2026;MAT-0015;250;9;DIF-03;anima fuori tolleranza;30/09/2026 21:22
BANC_0011;01/10/2026;MAT-0015;122;5;DIF-01;anima rotta;01-10-2026 00:00:00
